Year,Week_num,reporting_date,Reporting Time,contactid,Day,channel,case_status,category,agent_aftercontactworkduration,region,shift,queue_duration_ibandtransfer,abandoned,abandoned_before_queue,abandoned_transfer,agentinteraction_min,answer_after_first_attempt,answer_first_attempt,is_abandoned_transfer,is_agent_available_ib,is_agent_available_transfer,is_connected,is_ib_notransfer_answer_after_first_attempt,is_ib_notransfer_answer_first_attempt,is_ib_transfer_answer_after_first_attempt,is_ib_transfer_answer_first_attempt,is_inbound,is_notconnected,is_outbound,is_transfer_final,missed_number,sla20_sec,sla30_sec,sla60_sec,agent_aftercontactworkstarttimestamp,agent_connectedtoagenttimestamp,agent_aftercontactworkendtimestamp,agent_agentinteractionduration,agent_customerholdduration,agent_longestholdduration,agent_numberofholds,agentconnectionattempts_transfer,agentconnectionattempts,connected_calls,connected_outbound,connectedtosystemtimestamp,creation_date_local,creation_date_local_updated,disconnecttimestamp,ib_originated_transfer,initiationmethod,initiationtimestamp,interactionduration_onlyconnected,is_ob_notransfer,is_ob_transfer,is_transfer,lastupdatetimestamp,missed_calls,Missed_calls_category,missed_calls_transfer,nextcontactid,ob_originated_transfer,previouscontactid,queue_dequeuetimestamp,queue_duration,queue_enqueuetimestamp,rank1,systemendpoint_address,transfer_versions,transfercompletedtimestamp,disconnectreason,Agent_not_available_ib,Connectivity_rate,      0_Connection_attempts - Transfer,   Number of IB Answered Calls,Total Incoming Calls,   Number of Abandoned before Queue,     Number of Abandoned Transfers,Call Drop
2026,wk19,5/5/2026 23:46,5/5/2026 23:46,21b5a86d-7120-4e20-a342-27eb1314f6fe,5/5/2026,VOICE,OPEN,,120,UK,Night,,,,,0,,,,0,0,1,0,0,0,0,0,0,1,0,,,,,5/5/2026 22:47,5/5/2026 22:47,5/5/2026 22:49,33,0,0,0,,0,,Connected,5/5/2026 22:47,5/5/2026 23:46,5/5/2026 23:46,5/5/2026 00:00,,OUTBOUND,5/5/2026 22:46,0,1,0,0,5/5/2026 22:50,,,,,No Transfer,,,0,,1,,1,,AGENT_DISCONNECT,0,,0,0,0,0,0,0
2026,wk19,5/5/2026 23:46,5/5/2026 23:46,b7c1ad67-b6eb-445c-bdfb-52318a13530f,5/5/2026,VOICE,OPEN,,4,UK,Night,,,,,0,,,,0,0,1,0,0,0,0,0,0,1,0,,,,,5/5/2026 22:46,5/5/2026 22:46,5/5/2026 22:46,7,0,0,0,,0,,Connected,5/5/2026 22:46,5/5/2026 23:46,5/5/2026 23:46,5/5/2026 00:00,,OUTBOUND,5/5/2026 22:46,0,1,0,0,5/5/2026 22:48,,,,,No Transfer,,,0,,1,,1,,CUSTOMER_DISCONNECT,0,,0,0,0,0,0,0
2026,wk19,5/5/2026 19:20,5/5/2026 19:20,d978cbf2-d3be-4673-a347-64d67631396d,5/5/2026,VOICE,RESOLVED,Carrier [2] Execution,1,UK,Day,31,0,0,,1,1,,,0,0,0,1,0,0,0,1,0,0,0,1,0,0,1,5/5/2026 18:22,5/5/2026 18:20,5/5/2026 18:22,112,0,0,0,2,2,1,,5/5/2026 18:20,5/5/2026 19:20,5/5/2026 19:20,5/5/2026 00:00,No Transfer,INBOUND,5/5/2026 18:20,1,0,0,0,5/5/2026 18:23,1,>20 sec,,,,,5/5/2026 18:20,31,5/5/2026 18:20,1,,1,,AGENT_DISCONNECT,0,1,0,1,1,0,0,0
2026,wk19,5/5/2026 18:45,5/5/2026 18:45,e0dd4a7d-1229-436b-8111-df2feedc1f42,5/5/2026,VOICE,RESOLVED,Shipper [1] Pre-execution,120,MEU,Day,16,0,0,,0,,1,,0,0,0,0,0,0,1,1,0,0,0,,1,1,1,5/5/2026 16:48,5/5/2026 16:46,5/5/2026 16:50,42,62,62,1,1,1,1,,5/5/2026 16:45,5/5/2026 18:45,5/5/2026 18:45,5/5/2026 00:00,Transfer,INBOUND,5/5/2026 16:45,0,0,0,0,5/5/2026 17:18,,,,6d0f4f72-30cd-4d3f-8e37-f8e745f3f58d,,,5/5/2026 16:46,16,5/5/2026 16:46,1,,1,5/5/2026 16:48,OTHER,0,1,0,1,1,0,0,0
2026,wk19,5/5/2026 18:35,5/5/2026 18:35,f11948eb-af0f-4ac4-b00c-613ed57e26a2,5/5/2026,VOICE,OPEN,,93,UK,Day,,,,,2,,,,0,0,1,0,0,0,0,0,0,1,0,,,,,5/5/2026 17:38,5/5/2026 17:36,5/5/2026 17:40,137,0,0,0,,0,,Connected,5/5/2026 17:36,5/5/2026 18:35,5/5/2026 18:35,5/5/2026 00:00,,OUTBOUND,5/5/2026 17:35,2,1,0,0,5/5/2026 17:41,,,,,No Transfer,,,0,,1,,1,,CUSTOMER_DISCONNECT,0,,0,0,0,0,0,0
2026,wk19,5/5/2026 18:35,5/5/2026 18:35,d1d770a0-1286-4fd4-a4b8-b728bdfa193f,5/5/2026,VOICE,OPEN,,0,UK,Day,,,,,0,,,,0,0,0,0,0,0,0,0,1,1,0,,,,,,,,0,0,0,0,,0,,Not Connected,,5/5/2026 18:35,5/5/2026 18:35,5/5/2026 00:00,,OUTBOUND,5/5/2026 17:35,,1,0,0,5/5/2026 17:36,,,,,No Transfer,,,0,,1,,1,,AGENT_DISCONNECT,0,,0,0,0,0,0,0
2026,wk19,5/5/2026 18:31,5/5/2026 18:31,e9de079a-5447-43b1-8f1b-1b1e5576c418,5/5/2026,VOICE,RESOLVED,Shipper [2] Execution,120,MEU,Day,16,0,0,,3,,1,,0,0,0,0,0,0,1,1,0,0,0,,1,1,1,5/5/2026 16:36,5/5/2026 16:31,5/5/2026 16:38,183,65,65,1,1,1,1,,5/5/2026 16:31,5/5/2026 18:31,5/5/2026 18:31,5/5/2026 00:00,Transfer,INBOUND,5/5/2026 16:31,3,0,0,0,5/5/2026 16:45,,,,c4f92903-1bb5-44d6-a0b5-daa01eb35c7a,,,5/5/2026 16:31,16,5/5/2026 16:31,1,,1,5/5/2026 16:36,OTHER,0,1,0,1,1,0,0,0
2026,wk19,5/5/2026 18:24,5/5/2026 18:24,547cbf51-84f5-428b-8cbc-d2044cec22a2,5/5/2026,VOICE,RESOLVED,Carrier [2] Execution,0,UK,Day,8,0,0,,3,,1,,0,0,0,0,1,0,0,1,0,0,0,,1,1,1,5/5/2026 17:28,5/5/2026 17:24,5/5/2026 17:28,223,0,0,0,1,1,1,,5/5/2026 17:24,5/5/2026 18:24,5/5/2026 18:24,5/5/2026 00:00,No Transfer,INBOUND,5/5/2026 17:24,3,0,0,0,5/5/2026 17:29,,,,,,,5/5/2026 17:24,8,5/5/2026 17:24,1,,1,,AGENT_DISCONNECT,0,1,0,1,1,0,0,0
2026,wk19,5/5/2026 18:06,5/5/2026 18:06,ccb1f183-977f-4e45-bc10-33f10cb38f2f,5/5/2026,VOICE,RESOLVED,Carrier [2] Execution,119,UK,Day,17,0,0,,7,,1,,0,0,0,0,1,0,0,1,0,0,0,,1,1,1,5/5/2026 17:15,5/5/2026 17:07,5/5/2026 17:17,453,0,0,0,1,1,1,,5/5/2026 17:06,5/5/2026 18:06,5/5/2026 18:06,5/5/2026 00:00,No Transfer,INBOUND,5/5/2026 17:06,7,0,0,0,5/5/2026 17:22,,,,,,,5/5/2026 17:07,17,5/5/2026 17:07,1,,1,,CUSTOMER_DISCONNECT,0,1,0,1,1,0,0,0
2026,wk19,5/5/2026 17:35,5/5/2026 17:35,6633a368-6947-4536-9de7-ecd3d91fe0ff,5/5/2026,VOICE,OPEN,,120,UK,Day,9,0,0,,2,,1,,0,0,0,0,1,0,0,1,0,0,0,,1,1,1,5/5/2026 16:38,5/5/2026 16:35,5/5/2026 16:40,178,0,0,0,1,1,1,,5/5/2026 16:35,5/5/2026 17:35,5/5/2026 17:35,5/5/2026 00:00,No Transfer,INBOUND,5/5/2026 16:35,2,0,0,0,5/5/2026 16:41,,,,,,,5/5/2026 16:35,9,5/5/2026 16:35,1,,1,,CUSTOMER_DISCONNECT,0,1,0,1,1,0,0,0
2026,wk19,5/5/2026 17:32,5/5/2026 17:32,d7b879ef-80a1-46ad-9864-0860f4e2fe71,5/5/2026,VOICE,RESOLVED,Carrier [2] Execution,1,UK,Day,8,0,0,,7,,1,,0,0,0,0,1,0,0,1,0,0,0,,1,1,1,5/5/2026 16:39,5/5/2026 16:32,5/5/2026 16:40,422,0,0,0,1,1,1,,5/5/2026 16:32,5/5/2026 17:32,5/5/2026 17:32,5/5/2026 00:00,No Transfer,INBOUND,5/5/2026 16:32,7,0,0,0,5/5/2026 16:46,,,,,,,5/5/2026 16:32,8,5/5/2026 16:32,1,,1,,AGENT_DISCONNECT,0,1,0,1,1,0,0,0
2026,wk19,5/5/2026 17:13,5/5/2026 17:13,1dd45f6b-8602-4d1d-95ec-f127a2ef9353,5/5/2026,VOICE,RESOLVED,Shipper [2] Execution,120,MEU,Day,30,0,0,,1,1,,,0,0,0,1,0,0,0,1,0,0,0,1,0,1,1,5/5/2026 15:16,5/5/2026 15:14,5/5/2026 15:18,103,0,0,0,2,2,1,,5/5/2026 15:13,5/5/2026 17:13,5/5/2026 17:13,5/5/2026 00:00,No Transfer,INBOUND,5/5/2026 15:13,1,0,0,0,5/5/2026 15:26,1,>20 sec,,,,,5/5/2026 15:14,30,5/5/2026 15:14,1,,1,,AGENT_DISCONNECT,0,1,0,1,1,0,0,0
2026,wk19,5/5/2026 17:11,5/5/2026 17:11,9bcc5df4-f913-4f96-a6a4-b4c65775056e,5/5/2026,VOICE,RESOLVED,Carrier [2] Execution,47,UK,Day,9,0,0,,5,,1,,0,0,0,0,1,0,0,1,0,0,0,,1,1,1,5/5/2026 16:17,5/5/2026 16:11,5/5/2026 16:18,339,0,0,0,1,1,1,,5/5/2026 16:11,5/5/2026 17:11,5/5/2026 17:11,5/5/2026 00:00,No Transfer,INBOUND,5/5/2026 16:11,5,0,0,0,5/5/2026 16:27,,,,,,,5/5/2026 16:11,9,5/5/2026 16:11,1,,1,,AGENT_DISCONNECT,0,1,0,1,1,0,0,0
2026,wk19,5/5/2026 16:51,5/5/2026 16:51,9509134b-0a10-4d0d-83ec-6c1aeb9c28e6,5/5/2026,VOICE,RESOLVED,Carrier [2] Execution,120,UK,Day,5,0,0,,3,,1,,0,0,0,0,1,0,0,1,0,0,0,,1,1,1,5/5/2026 15:55,5/5/2026 15:52,5/5/2026 15:57,200,0,0,0,1,1,1,,5/5/2026 15:51,5/5/2026 16:51,5/5/2026 16:51,5/5/2026 00:00,No Transfer,INBOUND,5/5/2026 15:51,3,0,0,0,5/5/2026 16:02,,,,,,,5/5/2026 15:52,5,5/5/2026 15:52,1,,1,,CUSTOMER_DISCONNECT,0,1,0,1,1,0,0,0
2026,wk19,5/5/2026 16:50,5/5/2026 16:50,d355e730-6d3a-4ebc-bfbb-2c0edb78f7df,5/5/2026,VOICE,OPEN,,119,UK,Day,,,,,1,,,,0,0,1,0,0,0,0,0,0,1,0,,,,,5/5/2026 15:52,5/5/2026 15:50,5/5/2026 15:54,98,0,0,0,,0,,Connected,5/5/2026 15:50,5/5/2026 16:50,5/5/2026 16:50,5/5/2026 00:00,,OUTBOUND,5/5/2026 15:50,1,1,0,0,5/5/2026 15:55,,,,,No Transfer,,,0,,1,,1,,CUSTOMER_DISCONNECT,0,,0,0,0,0,0,0
2026,wk19,5/5/2026 16:48,5/5/2026 16:48,fb51a97f-53ae-49e0-8b39-707accefe09d,5/5/2026,VOICE,OPEN,,0,UK,Day,,,,,0,,,,0,0,0,0,0,0,0,0,1,1,0,,,,,,,,0,0,0,0,,0,,Not Connected,,5/5/2026 16:48,5/5/2026 16:48,5/5/2026 00:00,,OUTBOUND,5/5/2026 15:48,,1,0,0,5/5/2026 15:51,,,,,No Transfer,,,0,,1,,1,,AGENT_DISCONNECT,0,,0,0,0,0,0,0
2026,wk19,5/5/2026 16:46,5/5/2026 16:46,f7bba9cb-3532-4845-a8bb-05530122c4bd,5/5/2026,VOICE,OPEN,,120,UK,Day,17,0,0,,5,,1,,0,0,0,0,1,0,0,1,0,0,0,,1,1,1,5/5/2026 15:53,5/5/2026 15:47,5/5/2026 15:55,359,0,0,0,1,1,1,,5/5/2026 15:46,5/5/2026 16:46,5/5/2026 16:46,5/5/2026 00:00,No Transfer,INBOUND,5/5/2026 15:46,5,0,0,0,5/5/2026 16:01,,,,,,,5/5/2026 15:47,17,5/5/2026 15:47,1,,1,,CUSTOMER_DISCONNECT,0,1,0,1,1,0,0,0
2026,wk19,5/5/2026 16:38,5/5/2026 16:38,a384623a-e6bb-4598-83a7-4aa8f44730cc,5/5/2026,VOICE,OPEN,,119,UK,Day,8,0,0,,0,,1,,0,0,0,0,1,0,0,1,0,0,0,,1,1,1,5/5/2026 15:40,5/5/2026 15:39,5/5/2026 15:42,51,0,0,0,1,1,1,,5/5/2026 15:38,5/5/2026 16:38,5/5/2026 16:38,5/5/2026 00:00,No Transfer,INBOUND,5/5/2026 15:38,0,0,0,0,5/5/2026 15:47,,,,,,,5/5/2026 15:39,8,5/5/2026 15:39,1,,1,,CUSTOMER_DISCONNECT,0,1,0,1,1,0,0,0
2026,wk19,5/5/2026 16:30,5/5/2026 16:30,411ee408-1139-4b37-a814-6e11e9d45575,5/5/2026,VOICE,OPEN,,120,UK,Day,,,,,0,,,,0,0,1,0,0,0,0,0,0,1,0,,,,,5/5/2026 15:30,5/5/2026 15:30,5/5/2026 15:32,8,0,0,0,,0,,Connected,5/5/2026 15:30,5/5/2026 16:30,5/5/2026 16:30,5/5/2026 00:00,,OUTBOUND,5/5/2026 15:30,0,1,0,0,5/5/2026 15:33,,,,,No Transfer,,,0,,1,,1,,AGENT_DISCONNECT,0,,0,0,0,0,0,0
2026,wk19,5/5/2026 16:30,5/5/2026 16:30,2f517876-719f-4494-ab58-cf789ec01917,5/5/2026,VOICE,OPEN,,16,UK,Day,,,,,0,,,,0,0,1,0,0,0,0,0,0,1,0,,,,,5/5/2026 15:30,5/5/2026 15:30,5/5/2026 15:30,5,0,0,0,,0,,Connected,5/5/2026 15:30,5/5/2026 16:30,5/5/2026 16:30,5/5/2026 00:00,,OUTBOUND,5/5/2026 15:30,0,1,0,0,5/5/2026 15:31,,,,,No Transfer,,,0,,1,,1,,AGENT_DISCONNECT,0,,0,0,0,0,0,0
2026,wk19,5/5/2026 16:28,5/5/2026 16:28,86d13b2c-9fc3-4288-88a8-414518571385,5/5/2026,VOICE,RESOLVED,Carrier [2] Execution,120,UK,Day,13,0,0,,1,,1,,0,0,0,0,1,0,0,1,0,0,0,,1,1,1,5/5/2026 15:30,5/5/2026 15:28,5/5/2026 15:32,106,0,0,0,1,1,1,,5/5/2026 15:28,5/5/2026 16:28,5/5/2026 16:28,5/5/2026 00:00,No Transfer,INBOUND,5/5/2026 15:28,1,0,0,0,5/5/2026 15:37,,,,,,,5/5/2026 15:28,13,5/5/2026 15:28,1,,1,,AGENT_DISCONNECT,0,1,0,1,1,0,0,0
2026,wk19,5/5/2026 16:27,5/5/2026 16:27,dc0c5d96-8cdd-4b8c-8195-724ee75fbf39,5/5/2026,VOICE,OPEN,,120,UK,Day,11,0,0,,2,,1,,0,0,0,0,1,0,0,1,0,0,0,,1,1,1,5/5/2026 15:29,5/5/2026 15:27,5/5/2026 15:31,127,0,0,0,1,1,1,,5/5/2026 15:27,5/5/2026 16:27,5/5/2026 16:27,5/5/2026 00:00,No Transfer,INBOUND,5/5/2026 15:27,2,0,0,0,5/5/2026 15:32,,,,,,,5/5/2026 15:27,11,5/5/2026 15:27,1,,1,,AGENT_DISCONNECT,0,1,0,1,1,0,0,0
2026,wk19,5/5/2026 16:10,5/5/2026 16:10,b5a08f91-55f7-4181-ab90-d5f2ba5245f7,5/5/2026,VOICE,OPEN,,120,UK,Day,11,0,0,,1,,1,,0,0,0,0,1,0,0,1,0,0,0,,1,1,1,5/5/2026 15:13,5/5/2026 15:11,5/5/2026 15:15,85,0,0,0,1,1,1,,5/5/2026 15:10,5/5/2026 16:10,5/5/2026 16:10,5/5/2026 00:00,No Transfer,INBOUND,5/5/2026 15:10,1,0,0,0,5/5/2026 15:19,,,,,,,5/5/2026 15:11,11,5/5/2026 15:11,1,,1,,CUSTOMER_DISCONNECT,0,1,0,1,1,0,0,0
2026,wk19,5/5/2026 15:59,5/5/2026 15:59,3c7d3f34-de38-41b2-aa7c-274f24fd9cb0,5/5/2026,VOICE,RESOLVED,Carrier [2] Execution,2,UK,Day,,,,,5,,,,0,0,1,0,0,0,0,0,0,1,0,,,,,5/5/2026 15:05,5/5/2026 15:00,5/5/2026 15:05,333,0,0,0,,0,,Connected,5/5/2026 15:00,5/5/2026 15:59,5/5/2026 15:59,5/5/2026 00:00,,OUTBOUND,5/5/2026 14:59,5,1,0,0,5/5/2026 15:06,,,,,No Transfer,,,0,,1,,1,,AGENT_DISCONNECT,0,,0,0,0,0,0,0
2026,wk19,5/5/2026 15:56,5/5/2026 15:56,203e312c-0018-413c-881e-a2885d3c1abf,5/5/2026,VOICE,OPEN,,120,UK,Day,,,,,3,,,,0,0,1,0,0,0,0,0,0,1,0,,,,,5/5/2026 14:59,5/5/2026 14:56,5/5/2026 15:01,201,0,0,0,,0,,Connected,5/5/2026 14:56,5/5/2026 15:56,5/5/2026 15:56,5/5/2026 00:00,,OUTBOUND,5/5/2026 14:56,3,1,0,0,5/5/2026 15:03,,,,,No Transfer,,,0,,1,,1,,AGENT_DISCONNECT,0,,0,0,0,0,0,0
2026,wk19,5/5/2026 15:55,5/5/2026 15:55,2154772c-01e0-41d2-9a99-09eb2b5f807f,5/5/2026,VOICE,RESOLVED,Carrier [2] Execution,1,UK,Day,9,0,0,,1,,1,,0,0,0,0,0,0,1,1,0,0,0,,1,1,1,5/5/2026 14:58,5/5/2026 14:56,5/5/2026 14:58,79,61,61,1,1,1,1,,5/5/2026 14:55,5/5/2026 15:55,5/5/2026 15:55,5/5/2026 00:00,Transfer,INBOUND,5/5/2026 14:55,1,0,0,0,5/5/2026 15:05,,,,988f222f-2669-4e71-809f-2a67ea71b3c3,,,5/5/2026 14:56,9,5/5/2026 14:56,1,,1,5/5/2026 14:58,THIRD_PARTY_DISCONNECT,0,1,0,1,1,0,0,0
2026,wk19,5/5/2026 15:54,5/5/2026 15:54,5611e476-e120-498d-9af3-250cf37049cb,5/5/2026,VOICE,,,2,MEU,Day,11,,,0,3,,,0,0,0,0,0,0,0,0,0,0,0,1,,1,1,1,5/5/2026 13:59,5/5/2026 13:54,5/5/2026 13:59,219,34,34,1,1,1,,,5/5/2026 13:54,5/5/2026 15:54,5/5/2026 15:54,5/5/2026 00:00,,TRANSFER,5/5/2026 13:54,3,0,0,1,5/5/2026 14:05,,,,,,b37c9e87-f534-4dda-abde-fa5e5e7c9b0e,5/5/2026 13:54,11,5/5/2026 13:54,1,,1,,AGENT_DISCONNECT,0,,0,0,1,0,0,0
2026,wk19,5/5/2026 15:40,5/5/2026 15:40,dc81fba2-582f-4f1b-870b-976ffb62fb33,5/5/2026,VOICE,RESOLVED,Carrier [2] Execution,119,UK,Day,7,0,0,,1,,1,,0,0,0,0,1,0,0,1,0,0,0,,1,1,1,5/5/2026 14:42,5/5/2026 14:41,5/5/2026 14:44,80,0,0,0,1,1,1,,5/5/2026 14:40,5/5/2026 15:40,5/5/2026 15:40,5/5/2026 00:00,No Transfer,INBOUND,5/5/2026 14:40,1,0,0,0,5/5/2026 14:49,,,,,,,5/5/2026 14:41,7,5/5/2026 14:41,1,,1,,CUSTOMER_DISCONNECT,0,1,0,1,1,0,0,0
2026,wk19,5/5/2026 15:38,5/5/2026 15:38,a7b52b05-5536-4158-ba0c-d0cc1706ee0b,5/5/2026,VOICE,OPEN,,120,UK,Day,12,0,0,,4,,1,,0,0,0,0,1,0,0,1,0,0,0,,1,1,1,5/5/2026 14:43,5/5/2026 14:39,5/5/2026 14:45,278,0,0,0,1,1,1,,5/5/2026 14:38,5/5/2026 15:38,5/5/2026 15:38,5/5/2026 00:00,No Transfer,INBOUND,5/5/2026 14:38,4,0,0,0,5/5/2026 14:50,,,,,,,5/5/2026 14:39,12,5/5/2026 14:39,1,,1,,AGENT_DISCONNECT,0,1,0,1,1,0,0,0
2026,wk19,5/5/2026 15:34,5/5/2026 15:34,33ec1fcf-d2b0-4cce-b46c-eda3623281a1,5/5/2026,VOICE,OPEN,,120,UK,Day,13,0,0,,4,,1,,0,0,0,0,1,0,0,1,0,0,0,,1,1,1,5/5/2026 14:40,5/5/2026 14:35,5/5/2026 14:42,289,0,0,0,1,1,1,,5/5/2026 14:34,5/5/2026 15:34,5/5/2026 15:34,5/5/2026 00:00,No Transfer,INBOUND,5/5/2026 14:34,4,0,0,0,5/5/2026 14:48,,,,,,,5/5/2026 14:35,13,5/5/2026 14:35,1,,1,,AGENT_DISCONNECT,0,1,0,1,1,0,0,0
2026,wk19,5/5/2026 15:19,5/5/2026 15:19,baae3204-5e34-4fa1-a2f9-d617c0583aea,5/5/2026,VOICE,OPEN,Shipper [2] Execution,120,UK,Day,14,0,0,,5,,1,,0,0,0,0,1,0,0,1,0,0,0,,1,1,1,5/5/2026 14:26,5/5/2026 14:21,5/5/2026 14:28,306,0,0,0,1,1,1,,5/5/2026 14:19,5/5/2026 15:19,5/5/2026 15:19,5/5/2026 00:00,No Transfer,INBOUND,5/5/2026 14:19,5,0,0,0,5/5/2026 14:34,,,,,,,5/5/2026 14:21,14,5/5/2026 14:20,1,,1,,AGENT_DISCONNECT,0,1,0,1,1,0,0,0
2026,wk19,5/5/2026 15:11,5/5/2026 15:11,5cdae353-d330-41b3-9541-6352a39ed946,5/5/2026,VOICE,RESOLVED,Carrier [2] Execution,119,UK,Day,12,0,0,,3,,1,,0,0,0,0,1,0,0,1,0,0,0,,1,1,1,5/5/2026 14:15,5/5/2026 14:12,5/5/2026 14:17,191,0,0,0,1,1,1,,5/5/2026 14:11,5/5/2026 15:11,5/5/2026 15:11,5/5/2026 00:00,No Transfer,INBOUND,5/5/2026 14:11,3,0,0,0,5/5/2026 14:27,,,,,,,5/5/2026 14:12,12,5/5/2026 14:11,1,,1,,CUSTOMER_DISCONNECT,0,1,0,1,1,0,0,0
2026,wk19,5/5/2026 14:53,5/5/2026 14:53,a1d805d3-f300-4522-9e88-6d79c6d38dcd,5/5/2026,VOICE,RESOLVED,Shipper [1] Pre-execution,120,MEU,Day,13,0,0,,1,,1,,0,0,0,0,0,0,1,1,0,0,0,,1,1,1,5/5/2026 12:56,5/5/2026 12:54,5/5/2026 12:58,68,53,53,1,1,1,1,,5/5/2026 12:53,5/5/2026 14:53,5/5/2026 14:53,5/5/2026 00:00,Transfer,INBOUND,5/5/2026 12:53,1,0,0,0,5/5/2026 13:03,,,,b6d70e56-54e4-4873-91aa-af8d543c7014,,,5/5/2026 12:54,13,5/5/2026 12:53,1,,1,5/5/2026 12:56,OTHER,0,1,0,1,1,0,0,0
2026,wk19,5/5/2026 14:12,5/5/2026 14:12,ff7eb08c-dd2e-48fa-abbf-5489c2b3a3ec,5/5/2026,VOICE,RESOLVED,Carrier [2] Execution,49,MEU,Day,11,0,0,,2,,1,,0,0,0,0,1,0,0,1,0,0,0,,1,1,1,5/5/2026 12:15,5/5/2026 12:13,5/5/2026 12:16,142,0,0,0,1,1,1,,5/5/2026 12:12,5/5/2026 14:12,5/5/2026 14:12,5/5/2026 00:00,No Transfer,INBOUND,5/5/2026 12:12,2,0,0,0,5/5/2026 12:21,,,,,,,5/5/2026 12:13,11,5/5/2026 12:12,1,,1,,CUSTOMER_DISCONNECT,0,1,0,1,1,0,0,0
2026,wk19,5/5/2026 14:09,5/5/2026 14:09,c13efc14-4e34-4de3-b502-6417cd66bd9e,5/5/2026,VOICE,OPEN,,2,MEU,Day,9,0,0,,13,,1,,0,0,0,0,1,0,0,1,0,0,0,,1,1,1,5/5/2026 12:24,5/5/2026 12:10,5/5/2026 12:24,837,0,0,0,1,1,1,,5/5/2026 12:09,5/5/2026 14:09,5/5/2026 14:09,5/5/2026 00:00,No Transfer,INBOUND,5/5/2026 12:09,13,0,0,0,5/5/2026 12:28,,,,,,,5/5/2026 12:10,9,5/5/2026 12:09,1,,1,,CUSTOMER_DISCONNECT,0,1,0,1,1,0,0,0
2026,wk19,5/5/2026 14:07,5/5/2026 14:07,287232a4-b050-4e81-948b-471b1d56dfc4,5/5/2026,VOICE,RESOLVED,Shipper [2] Execution,120,UK,Day,9,0,0,,4,,1,,0,0,0,0,1,0,0,1,0,0,0,,1,1,1,5/5/2026 13:12,5/5/2026 13:08,5/5/2026 13:14,280,0,0,0,1,1,1,,5/5/2026 13:07,5/5/2026 14:07,5/5/2026 14:07,5/5/2026 00:00,No Transfer,INBOUND,5/5/2026 13:07,4,0,0,0,5/5/2026 13:19,,,,,,,5/5/2026 13:08,9,5/5/2026 13:08,1,,1,,AGENT_DISCONNECT,0,1,0,1,1,0,0,0
2026,wk19,5/5/2026 14:02,5/5/2026 14:02,02118351-e826-49e9-8f31-f016426f7e38,5/5/2026,VOICE,OPEN,,120,UK,Day,,,,,0,,,,0,0,1,0,0,0,0,0,0,1,0,,,,,5/5/2026 13:03,5/5/2026 13:02,5/5/2026 13:05,58,0,0,0,,0,,Connected,5/5/2026 13:02,5/5/2026 14:02,5/5/2026 14:02,5/5/2026 00:00,,OUTBOUND,5/5/2026 13:02,0,1,0,0,5/5/2026 13:06,,,,,No Transfer,,,0,,1,,1,,CUSTOMER_DISCONNECT,0,,0,0,0,0,0,0
2026,wk19,5/5/2026 14:00,5/5/2026 14:00,1dbf346a-1304-4eba-831d-c77eea8d3246,5/5/2026,VOICE,RESOLVED,Shipper [2] Execution,120,MEU,Day,11,0,0,,1,,1,,0,0,0,0,0,0,1,1,0,0,0,,1,1,1,5/5/2026 12:04,5/5/2026 12:01,5/5/2026 12:06,111,57,57,1,1,1,1,,5/5/2026 12:00,5/5/2026 14:00,5/5/2026 14:00,5/5/2026 00:00,Transfer,INBOUND,5/5/2026 12:00,1,0,0,0,5/5/2026 12:11,,,,a420a2d4-20de-4122-b685-4111f7a8f63e,,,5/5/2026 12:01,11,5/5/2026 12:01,1,,1,5/5/2026 12:04,OTHER,0,1,0,1,1,0,0,0
2026,wk19,5/5/2026 13:53,5/5/2026 13:53,a1c29248-dfd2-4ee2-bd1c-70d1cbf3d98c,5/5/2026,VOICE,OPEN,Carrier [2] Execution,1,UK,Day,,,,,1,,,,0,0,1,0,0,0,0,0,0,1,0,,,,,5/5/2026 12:55,5/5/2026 12:53,5/5/2026 12:55,114,0,0,0,,0,,Connected,5/5/2026 12:53,5/5/2026 13:53,5/5/2026 13:53,5/5/2026 00:00,,OUTBOUND,5/5/2026 12:53,1,1,0,0,5/5/2026 12:56,,,,,No Transfer,,,0,,1,,1,,AGENT_DISCONNECT,0,,0,0,0,0,0,0
2026,wk19,5/5/2026 13:44,5/5/2026 13:44,b8482041-afb5-40b3-9db1-bf540bf75657,5/5/2026,VOICE,RESOLVED,Carrier [2] Execution,4,UK,Day,,,,,0,,,,0,0,1,0,0,0,0,0,0,1,0,,,,,5/5/2026 12:45,5/5/2026 12:45,5/5/2026 12:45,47,0,0,0,,0,,Connected,5/5/2026 12:45,5/5/2026 13:44,5/5/2026 13:44,5/5/2026 00:00,,OUTBOUND,5/5/2026 12:44,0,1,0,0,5/5/2026 12:47,,,,,No Transfer,,,0,,1,,1,,AGENT_DISCONNECT,0,,0,0,0,0,0,0
2026,wk19,5/5/2026 13:44,5/5/2026 13:44,075540e8-a729-4254-9961-891a2fc96743,5/5/2026,VOICE,OPEN,,5,UK,Day,10,0,0,,1,,1,,0,0,0,0,0,0,1,1,0,0,0,,1,1,1,5/5/2026 12:48,5/5/2026 12:45,5/5/2026 12:48,117,71,71,1,1,1,1,,5/5/2026 12:44,5/5/2026 13:44,5/5/2026 13:44,5/5/2026 00:00,Transfer,INBOUND,5/5/2026 12:44,1,0,0,0,5/5/2026 13:00,,,,787ae99f-ba6d-4dd9-92a2-675fcecfb604,,,5/5/2026 12:45,10,5/5/2026 12:45,1,,1,5/5/2026 12:48,OTHER,0,1,0,1,1,0,0,0
2026,wk19,5/5/2026 13:43,5/5/2026 13:43,50dc58b6-231b-4378-8fd5-c85f293cf760,5/5/2026,VOICE,OPEN,,120,UK,Day,,,,,1,,,,0,0,1,0,0,0,0,0,0,1,0,,,,,5/5/2026 12:45,5/5/2026 12:43,5/5/2026 12:47,118,0,0,0,,0,,Connected,5/5/2026 12:43,5/5/2026 13:43,5/5/2026 13:43,5/5/2026 00:00,,OUTBOUND,5/5/2026 12:43,1,1,0,0,5/5/2026 12:48,,,,,No Transfer,,,0,,1,,1,,AGENT_DISCONNECT,0,,0,0,0,0,0,0
2026,wk19,5/5/2026 13:42,5/5/2026 13:42,62012491-1749-4dc6-a8da-3e7ffe9b32e5,5/5/2026,VOICE,OPEN,,0,UK,Day,,,,,0,,,,0,0,0,0,0,0,0,0,1,1,0,,,,,,,,0,0,0,0,,0,,Not Connected,,5/5/2026 13:42,5/5/2026 13:42,5/5/2026 00:00,,OUTBOUND,5/5/2026 12:42,,1,0,0,5/5/2026 12:44,,,,,No Transfer,,,0,,1,,1,,TELECOM_NUMBER_INVALID,0,,0,0,0,0,0,0
2026,wk19,5/5/2026 13:42,5/5/2026 13:42,d762ec29-9674-4613-ab04-9587fa4fb589,5/5/2026,VOICE,OPEN,,0,UK,Day,,,,,0,,,,0,0,0,0,0,0,0,0,1,1,0,,,,,,,,0,0,0,0,,0,,Not Connected,,5/5/2026 13:42,5/5/2026 13:42,5/5/2026 00:00,,OUTBOUND,5/5/2026 12:42,,1,0,0,5/5/2026 12:43,,,,,No Transfer,,,0,,1,,1,,TELECOM_NUMBER_INVALID,0,,0,0,0,0,0,0
2026,wk19,5/5/2026 13:34,5/5/2026 13:34,7146b1ee-18e9-499e-909a-a1510e71f31e,5/5/2026,VOICE,OPEN,,120,MEU,Day,14,0,0,,0,,1,,0,0,0,0,0,0,1,1,0,0,0,,1,1,1,5/5/2026 11:35,5/5/2026 11:35,5/5/2026 11:37,20,12,12,1,1,1,1,,5/5/2026 11:34,5/5/2026 13:34,5/5/2026 13:34,5/5/2026 00:00,Transfer,INBOUND,5/5/2026 11:34,0,0,0,0,5/5/2026 11:48,,,,7689298a-19d9-4f87-94b4-bf20abcf718d,,,5/5/2026 11:35,14,5/5/2026 11:34,1,,1,5/5/2026 11:35,THIRD_PARTY_DISCONNECT,0,1,0,1,1,0,0,0
2026,wk19,5/5/2026 13:30,5/5/2026 13:30,c306db07-7cd9-46d1-8221-6b027ac6c4e5,5/5/2026,VOICE,RESOLVED,Carrier [3] Post-execution,0,UK,Day,,,,,0,,,,0,0,0,0,0,0,0,0,1,1,0,,,,,,,,0,0,0,0,,0,,Not Connected,,5/5/2026 13:30,5/5/2026 13:30,5/5/2026 00:00,,OUTBOUND,5/5/2026 12:30,,1,0,0,5/5/2026 12:31,,,,,No Transfer,,,0,,1,,1,,TELECOM_NUMBER_INVALID,0,,0,0,0,0,0,0
2026,wk19,5/5/2026 13:29,5/5/2026 13:29,2e157b18-e931-45ec-927e-ada680ba4433,5/5/2026,VOICE,RESOLVED,Carrier [3] Post-execution,0,UK,Day,,,,,0,,,,0,0,0,0,0,0,0,0,1,1,0,,,,,,,,0,0,0,0,,0,,Not Connected,,5/5/2026 13:29,5/5/2026 13:29,5/5/2026 00:00,,OUTBOUND,5/5/2026 12:29,,1,0,0,5/5/2026 12:30,,,,,No Transfer,,,0,,1,,1,,TELECOM_NUMBER_INVALID,0,,0,0,0,0,0,0
2026,wk19,5/5/2026 13:17,5/5/2026 13:17,d3dbe979-470a-4fb9-b2d2-d31e33034a41,5/5/2026,VOICE,OPEN,,119,UK,Day,16,0,0,,5,,1,,0,0,0,0,1,0,0,1,0,0,0,,1,1,1,5/5/2026 12:23,5/5/2026 12:18,5/5/2026 12:25,343,0,0,0,1,1,1,,5/5/2026 12:17,5/5/2026 13:17,5/5/2026 13:17,5/5/2026 00:00,No Transfer,INBOUND,5/5/2026 12:17,5,0,0,0,5/5/2026 12:27,,,,,,,5/5/2026 12:18,16,5/5/2026 12:17,1,,1,,CUSTOMER_DISCONNECT,0,1,0,1,1,0,0,0
2026,wk19,5/5/2026 13:16,5/5/2026 13:16,335a7d6e-123e-48fe-a559-6aeab715621d,5/5/2026,VOICE,OPEN,,11,UK,Day,,,,,8,,,,0,0,1,0,0,0,0,0,0,1,0,,,,,5/5/2026 12:25,5/5/2026 12:16,5/5/2026 12:25,533,0,0,0,,0,,Connected,5/5/2026 12:16,5/5/2026 13:16,5/5/2026 13:16,5/5/2026 00:00,,OUTBOUND,5/5/2026 12:16,8,1,0,0,5/5/2026 12:26,,,,,No Transfer,,,0,,1,,1,,AGENT_DISCONNECT,0,,0,0,0,0,0,0
2026,wk19,5/5/2026 13:08,5/5/2026 13:08,78c1895d-67fa-42d4-a0ce-eb2c87f6092a,5/5/2026,VOICE,RESOLVED,Carrier [2] Execution,120,UK,Day,,,,,0,,,,0,0,1,0,0,0,0,0,0,1,0,,,,,5/5/2026 12:09,5/5/2026 12:09,5/5/2026 12:11,9,0,0,0,,0,,Connected,5/5/2026 12:09,5/5/2026 13:08,5/5/2026 13:08,5/5/2026 00:00,,OUTBOUND,5/5/2026 12:08,0,1,0,0,5/5/2026 12:55,,,,,No Transfer,,,0,,1,,1,,AGENT_DISCONNECT,0,,0,0,0,0,0,0
2026,wk19,5/5/2026 13:02,5/5/2026 13:02,eef57ac7-1356-43ce-8c07-b046fb48eff4,5/5/2026,VOICE,RESOLVED,Shipper [2] Execution,120,UK,Day,6,0,0,,7,,1,,0,0,0,0,1,0,0,1,0,0,0,,1,1,1,5/5/2026 12:10,5/5/2026 12:02,5/5/2026 12:12,478,0,0,0,1,1,1,,5/5/2026 12:02,5/5/2026 13:02,5/5/2026 13:02,5/5/2026 00:00,No Transfer,INBOUND,5/5/2026 12:02,7,0,0,0,5/5/2026 12:13,,,,,,,5/5/2026 12:02,6,5/5/2026 12:02,1,,1,,AGENT_DISCONNECT,0,1,0,1,1,0,0,0
2026,wk19,5/5/2026 12:57,5/5/2026 12:57,815b9f22-1833-40f3-8133-d7e704a575b2,5/5/2026,VOICE,OPEN,,0,MEU,Day,11,0,0,,2,,1,,0,0,0,0,1,0,0,1,0,0,0,,1,1,1,5/5/2026 11:01,5/5/2026 10:58,5/5/2026 11:01,157,0,0,0,1,1,1,,5/5/2026 10:57,5/5/2026 12:57,5/5/2026 12:57,5/5/2026 00:00,No Transfer,INBOUND,5/5/2026 10:57,2,0,0,0,5/5/2026 11:07,,,,,,,5/5/2026 10:58,11,5/5/2026 10:58,1,,1,,AGENT_DISCONNECT,0,1,0,1,1,0,0,0
2026,wk19,5/5/2026 12:54,5/5/2026 12:54,aa73ba26-cdf3-4727-b16a-87d580bd0301,5/5/2026,VOICE,RESOLVED,Shipper [2] Execution,120,UK,Day,,,,,0,,,,0,0,1,0,0,0,0,0,0,1,0,,,,,5/5/2026 11:55,5/5/2026 11:54,5/5/2026 11:57,50,0,0,0,,0,,Connected,5/5/2026 11:54,5/5/2026 12:54,5/5/2026 12:54,5/5/2026 00:00,,OUTBOUND,5/5/2026 11:54,0,1,0,0,5/5/2026 11:58,,,,,No Transfer,,,0,,1,,1,,AGENT_DISCONNECT,0,,0,0,0,0,0,0
2026,wk19,5/5/2026 12:52,5/5/2026 12:52,e9f21ec8-06f6-44ef-8f0d-4d7df5a19e16,5/5/2026,VOICE,OPEN,,120,UK,Day,,,,,0,,,,0,0,1,0,0,0,0,0,0,1,0,,,,,5/5/2026 11:52,5/5/2026 11:52,5/5/2026 11:54,5,0,0,0,,0,,Connected,5/5/2026 11:52,5/5/2026 12:52,5/5/2026 12:52,5/5/2026 00:00,,OUTBOUND,5/5/2026 11:52,0,1,0,0,5/5/2026 11:55,,,,,No Transfer,,,0,,1,,1,,AGENT_DISCONNECT,0,,0,0,0,0,0,0
2026,wk19,5/5/2026 12:52,5/5/2026 12:52,867a1e92-7ac3-4d57-9ff2-7dc5ebc4f4d3,5/5/2026,VOICE,OPEN,,5,UK,Day,,,,,0,,,,0,0,1,0,0,0,0,0,0,1,0,,,,,5/5/2026 11:52,5/5/2026 11:52,5/5/2026 11:52,5,0,0,0,,0,,Connected,5/5/2026 11:52,5/5/2026 12:52,5/5/2026 12:52,5/5/2026 00:00,,OUTBOUND,5/5/2026 11:52,0,1,0,0,5/5/2026 11:53,,,,,No Transfer,,,0,,1,,1,,AGENT_DISCONNECT,0,,0,0,0,0,0,0
2026,wk19,5/5/2026 12:52,5/5/2026 12:52,ffd5bf16-948e-418e-99a3-d7bf7ff52bf8,5/5/2026,VOICE,OPEN,,9,UK,Day,,,,,0,,,,0,0,1,0,0,0,0,0,0,1,0,,,,,5/5/2026 11:52,5/5/2026 11:52,5/5/2026 11:52,7,0,0,0,,0,,Connected,5/5/2026 11:52,5/5/2026 12:52,5/5/2026 12:52,5/5/2026 00:00,,OUTBOUND,5/5/2026 11:52,0,1,0,0,5/5/2026 11:53,,,,,No Transfer,,,0,,1,,1,,AGENT_DISCONNECT,0,,0,0,0,0,0,0
2026,wk19,5/5/2026 12:51,5/5/2026 12:51,933e6909-d991-4dc8-817d-f4104f195108,5/5/2026,VOICE,OPEN,,120,MEU,Day,9,0,0,,0,,1,,0,0,0,0,0,0,1,1,0,0,0,,1,1,1,5/5/2026 10:53,5/5/2026 10:52,5/5/2026 10:55,55,10,10,1,1,1,1,,5/5/2026 10:51,5/5/2026 12:51,5/5/2026 12:51,5/5/2026 00:00,Transfer,INBOUND,5/5/2026 10:51,0,0,0,0,5/5/2026 11:01,,,,5a12967e-2055-4dea-b151-ef7201457cf1,,,5/5/2026 10:52,9,5/5/2026 10:52,1,,1,5/5/2026 10:53,OTHER,0,1,0,1,1,0,0,0
2026,wk19,5/5/2026 12:37,5/5/2026 12:37,c7a2a13d-4f38-477c-8e9c-447272a4b2b4,5/5/2026,VOICE,OPEN,,120,MEU,Day,12,0,0,,1,,1,,0,0,0,0,0,0,1,1,0,0,0,,1,1,1,5/5/2026 10:41,5/5/2026 10:38,5/5/2026 10:43,100,82,82,1,1,1,1,,5/5/2026 10:37,5/5/2026 12:37,5/5/2026 12:37,5/5/2026 00:00,Transfer,INBOUND,5/5/2026 10:37,1,0,0,0,5/5/2026 10:51,,,,8458bd0e-76fc-4a8d-a47e-26b845c43c6f,,,5/5/2026 10:38,12,5/5/2026 10:38,1,,1,5/5/2026 10:41,OTHER,0,1,0,1,1,0,0,0
2026,wk19,5/5/2026 12:32,5/5/2026 12:32,72014794-5b8d-4585-a2c5-0a69fa769e0f,5/5/2026,VOICE,RESOLVED,Carrier [2] Execution,0,UK,Day,12,0,0,,1,,1,,0,0,0,0,0,0,1,1,0,0,0,,1,1,1,5/5/2026 11:35,5/5/2026 11:33,5/5/2026 11:35,64,65,65,1,1,1,1,,5/5/2026 11:32,5/5/2026 12:32,5/5/2026 12:32,5/5/2026 00:00,Transfer,INBOUND,5/5/2026 11:32,1,0,0,0,5/5/2026 11:43,,,,b7434cf3-28d8-4e99-a8e6-2308941ebf3e,,,5/5/2026 11:33,12,5/5/2026 11:33,1,,1,5/5/2026 11:35,THIRD_PARTY_DISCONNECT,0,1,0,1,1,0,0,0
2026,wk19,5/5/2026 12:32,5/5/2026 12:32,dca65ef7-f720-4c4d-a388-a382e7e9db6c,5/5/2026,VOICE,RESOLVED,Shipper [2] Execution,0,MEU,Day,9,0,0,,1,,1,,0,0,0,0,0,0,1,1,0,0,0,,1,1,1,5/5/2026 10:35,5/5/2026 10:32,5/5/2026 10:35,118,38,38,1,1,1,1,,5/5/2026 10:32,5/5/2026 12:32,5/5/2026 12:32,5/5/2026 00:00,Transfer,INBOUND,5/5/2026 10:32,1,0,0,0,5/5/2026 10:48,,,,7e3448ee-4aec-4644-ad11-1fa12690788d,,,5/5/2026 10:32,9,5/5/2026 10:32,1,,1,5/5/2026 10:35,OTHER,0,1,0,1,1,0,0,0
2026,wk19,5/5/2026 12:21,5/5/2026 12:21,b97315c9-19de-493b-8b4a-0b70831aa6f0,5/5/2026,VOICE,OPEN,,120,UK,Day,,,,,2,,,,0,0,1,0,0,0,0,0,0,1,0,,,,,5/5/2026 11:24,5/5/2026 11:21,5/5/2026 11:26,160,0,0,0,,0,,Connected,5/5/2026 11:21,5/5/2026 12:21,5/5/2026 12:21,5/5/2026 00:00,,OUTBOUND,5/5/2026 11:21,2,1,0,0,5/5/2026 11:27,,,,,No Transfer,,,0,,1,,1,,AGENT_DISCONNECT,0,,0,0,0,0,0,0
2026,wk19,5/5/2026 12:09,5/5/2026 12:09,8f6ff14c-6aec-4b7b-a335-2cf8d55f6259,5/5/2026,VOICE,OPEN,,120,UK,Day,14,0,0,,2,,1,,0,0,0,0,0,0,1,1,0,0,0,,1,1,1,5/5/2026 11:14,5/5/2026 11:10,5/5/2026 11:16,155,43,43,1,1,1,1,,5/5/2026 11:09,5/5/2026 12:09,5/5/2026 12:09,5/5/2026 00:00,Transfer,INBOUND,5/5/2026 11:09,2,0,0,0,5/5/2026 11:22,,,,7375c1e1-fc78-4918-9c1e-86ff7efb40d7,,,5/5/2026 11:10,14,5/5/2026 11:10,1,,1,5/5/2026 11:14,OTHER,0,1,0,1,1,0,0,0
2026,wk19,5/5/2026 12:08,5/5/2026 12:08,d02fc96a-6391-41d2-8f4c-61c0d125979c,5/5/2026,VOICE,RESOLVED,Shipper [2] Execution,110,UK,Day,,,,,3,,,,0,0,1,0,0,0,0,0,0,1,0,,,,,5/5/2026 11:11,5/5/2026 11:08,5/5/2026 11:13,184,0,0,0,,0,,Connected,5/5/2026 11:08,5/5/2026 12:08,5/5/2026 12:08,5/5/2026 00:00,,OUTBOUND,5/5/2026 11:08,3,1,0,0,5/5/2026 11:14,,,,,No Transfer,,,0,,1,,1,,CUSTOMER_DISCONNECT,0,,0,0,0,0,0,0
2026,wk19,5/5/2026 12:05,5/5/2026 12:05,8dce8b90-a1d4-4b0b-abbf-f0941c88c6ff,5/5/2026,VOICE,RESOLVED,Shipper [2] Execution,119,UK,Day,,,,,0,,,,0,0,1,0,0,0,0,0,0,1,0,,,,,5/5/2026 11:06,5/5/2026 11:05,5/5/2026 11:08,40,0,0,0,,0,,Connected,5/5/2026 11:05,5/5/2026 12:05,5/5/2026 12:05,5/5/2026 00:00,,OUTBOUND,5/5/2026 11:05,0,1,0,0,5/5/2026 11:09,,,,,No Transfer,,,0,,1,,1,,CUSTOMER_DISCONNECT,0,,0,0,0,0,0,0
2026,wk19,5/5/2026 12:03,5/5/2026 12:03,63d3f0cb-41ff-45e1-9e20-da40656cf1cd,5/5/2026,VOICE,RESOLVED,Shipper [2] Execution,112,MEU,Day,11,0,0,,2,,1,,0,0,0,0,1,0,0,1,0,0,0,,1,1,1,5/5/2026 10:06,5/5/2026 10:03,5/5/2026 10:08,135,0,0,0,1,1,1,,5/5/2026 10:03,5/5/2026 12:03,5/5/2026 12:03,5/5/2026 00:00,No Transfer,INBOUND,5/5/2026 10:03,2,0,0,0,5/5/2026 10:13,,,,,,,5/5/2026 10:03,11,5/5/2026 10:03,1,,1,,AGENT_DISCONNECT,0,1,0,1,1,0,0,0
2026,wk19,5/5/2026 11:58,5/5/2026 11:58,3573d3a8-ec43-4599-96a8-1085cdc486c1,5/5/2026,VOICE,OPEN,,5,MEU,Day,14,0,0,,1,,1,,0,0,0,0,1,0,0,1,0,0,0,,1,1,1,5/5/2026 10:01,5/5/2026 09:59,5/5/2026 10:01,101,0,0,0,1,1,1,,5/5/2026 09:58,5/5/2026 11:58,5/5/2026 11:58,5/5/2026 00:00,No Transfer,INBOUND,5/5/2026 09:58,1,0,0,0,5/5/2026 10:06,,,,,,,5/5/2026 09:59,14,5/5/2026 09:59,1,,1,,CUSTOMER_DISCONNECT,0,1,0,1,1,0,0,0
2026,wk19,5/5/2026 11:50,5/5/2026 11:50,f3ae8cce-d017-4fac-b4c5-c7943e0b07d0,5/5/2026,VOICE,OPEN,,24,MEU,Day,9,0,0,,2,,1,,0,0,0,0,1,0,0,1,0,0,0,,1,1,1,5/5/2026 09:53,5/5/2026 09:50,5/5/2026 09:54,175,0,0,0,1,1,1,,5/5/2026 09:50,5/5/2026 11:50,5/5/2026 11:50,5/5/2026 00:00,No Transfer,INBOUND,5/5/2026 09:50,2,0,0,0,5/5/2026 09:59,,,,,,,5/5/2026 09:50,9,5/5/2026 09:50,1,,1,,AGENT_DISCONNECT,0,1,0,1,1,0,0,0
2026,wk19,5/5/2026 11:45,5/5/2026 11:45,c78896ab-9a02-491c-a248-9f696e1521d5,5/5/2026,VOICE,RESOLVED,Carrier [2] Execution,120,MEU,Day,8,0,0,,4,,1,,0,0,0,0,1,0,0,1,0,0,0,,1,1,1,5/5/2026 09:50,5/5/2026 09:45,5/5/2026 09:52,292,0,0,0,1,1,1,,5/5/2026 09:45,5/5/2026 11:45,5/5/2026 11:45,5/5/2026 00:00,No Transfer,INBOUND,5/5/2026 09:45,4,0,0,0,5/5/2026 09:56,,,,,,,5/5/2026 09:45,8,5/5/2026 09:45,1,,1,,CUSTOMER_DISCONNECT,0,1,0,1,1,0,0,0
2026,wk19,5/5/2026 11:22,5/5/2026 11:22,08326e00-ff85-4d23-9b28-2c71986de4e7,5/5/2026,VOICE,RESOLVED,Carrier [2] Execution,120,UK,Day,11,0,0,,1,,1,,0,0,0,0,0,0,1,1,0,0,0,,1,1,1,5/5/2026 10:26,5/5/2026 10:24,5/5/2026 10:28,92,69,69,1,1,1,1,,5/5/2026 10:22,5/5/2026 11:22,5/5/2026 11:22,5/5/2026 00:00,Transfer,INBOUND,5/5/2026 10:22,1,0,0,0,5/5/2026 10:33,,,,a9ac0a6f-bc52-4c4e-91b9-94da41ae133d,,,5/5/2026 10:24,11,5/5/2026 10:23,1,,1,5/5/2026 10:26,OTHER,0,1,0,1,1,0,0,0
2026,wk19,5/5/2026 11:17,5/5/2026 11:17,a61edce7-58cf-4730-be73-8a1a7db5ce57,5/5/2026,VOICE,OPEN,,10,MEU,Day,10,0,0,,2,,1,,0,0,0,0,0,0,1,1,0,0,0,,1,1,1,5/5/2026 09:21,5/5/2026 09:17,5/5/2026 09:21,124,91,91,1,1,1,1,,5/5/2026 09:17,5/5/2026 11:17,5/5/2026 11:17,5/5/2026 00:00,Transfer,INBOUND,5/5/2026 09:17,2,0,0,0,5/5/2026 09:32,,,,9662e6f0-6af6-4e2e-af97-499e0e055ee6,,,5/5/2026 09:17,10,5/5/2026 09:17,1,,1,5/5/2026 09:21,THIRD_PARTY_DISCONNECT,0,1,0,1,1,0,0,0
2026,wk19,5/5/2026 10:56,5/5/2026 10:56,359adaa6-ca7f-43e1-a09d-953a32d4a36b,5/5/2026,VOICE,OPEN,,6,UK,Day,11,0,0,,1,,1,,0,0,0,0,1,0,0,1,0,0,0,,1,1,1,5/5/2026 09:59,5/5/2026 09:57,5/5/2026 09:59,89,0,0,0,1,1,1,,5/5/2026 09:56,5/5/2026 10:56,5/5/2026 10:56,5/5/2026 00:00,No Transfer,INBOUND,5/5/2026 09:56,1,0,0,0,5/5/2026 10:04,,,,,,,5/5/2026 09:57,11,5/5/2026 09:57,1,,1,,CUSTOMER_DISCONNECT,0,1,0,1,1,0,0,0
2026,wk19,5/5/2026 10:52,5/5/2026 10:52,6ec9e93e-da40-4abd-916d-4f307b752a8b,5/5/2026,VOICE,RESOLVED,Shipper [1] Pre-execution,1,UK,Day,13,0,0,,1,,1,,0,0,0,0,0,0,1,1,0,0,0,,1,1,1,5/5/2026 09:55,5/5/2026 09:53,5/5/2026 09:55,65,70,70,1,1,1,1,,5/5/2026 09:52,5/5/2026 10:52,5/5/2026 10:52,5/5/2026 00:00,Transfer,INBOUND,5/5/2026 09:52,1,0,0,0,5/5/2026 10:02,,,,437382f1-3276-4208-874f-dd2d0946c2bb,,,5/5/2026 09:53,13,5/5/2026 09:52,1,,1,5/5/2026 09:55,OTHER,0,1,0,1,1,0,0,0
2026,wk19,5/5/2026 10:51,5/5/2026 10:51,69a82b36-0491-477a-a146-1286aea0e979,5/5/2026,VOICE,OPEN,,2,MEU,Day,9,0,0,,0,,1,,0,0,0,0,0,0,1,1,0,0,0,,1,1,1,5/5/2026 08:53,5/5/2026 08:52,5/5/2026 08:53,56,41,41,1,1,1,1,,5/5/2026 08:51,5/5/2026 10:51,5/5/2026 10:51,5/5/2026 00:00,Transfer,INBOUND,5/5/2026 08:51,0,0,0,0,5/5/2026 09:03,,,,f1f6fb3f-50eb-4284-ab17-8d9aeff81808,,,5/5/2026 08:52,9,5/5/2026 08:52,1,,1,5/5/2026 08:53,OTHER,0,1,0,1,1,0,0,0
2026,wk19,5/5/2026 10:49,5/5/2026 10:49,0b828e19-7873-4afd-8585-f2e69699b2a2,5/5/2026,VOICE,OPEN,,68,MEU,Day,12,0,0,,2,,1,,0,0,0,0,1,0,0,1,0,0,0,,1,1,1,5/5/2026 08:52,5/5/2026 08:49,5/5/2026 08:53,142,0,0,0,1,1,1,,5/5/2026 08:49,5/5/2026 10:49,5/5/2026 10:49,5/5/2026 00:00,No Transfer,INBOUND,5/5/2026 08:49,2,0,0,0,5/5/2026 08:57,,,,,,,5/5/2026 08:49,12,5/5/2026 08:49,1,,1,,AGENT_DISCONNECT,0,1,0,1,1,0,0,0
2026,wk19,5/5/2026 10:34,5/5/2026 10:34,db7f2e44-7cb3-48fe-927d-522567fd1d49,5/5/2026,VOICE,OPEN,,1,UK,Day,,,,,3,,,,0,0,1,0,0,0,0,0,0,1,0,,,,,5/5/2026 09:37,5/5/2026 09:34,5/5/2026 09:37,188,0,0,0,,0,,Connected,5/5/2026 09:34,5/5/2026 10:34,5/5/2026 10:34,5/5/2026 00:00,,OUTBOUND,5/5/2026 09:34,3,1,0,0,5/5/2026 09:38,,,,,No Transfer,,,0,,1,,1,,AGENT_DISCONNECT,0,,0,0,0,0,0,0
2026,wk19,5/5/2026 10:33,5/5/2026 10:33,b4fe15cd-7eb9-4a37-b284-dcc6f3c418ea,5/5/2026,VOICE,OPEN,,0,UK,Day,,,,,0,,,,0,0,0,0,0,0,0,0,1,1,0,,,,,,,,0,0,0,0,,0,,Not Connected,,5/5/2026 10:33,5/5/2026 10:33,5/5/2026 00:00,,OUTBOUND,5/5/2026 09:33,,1,0,0,5/5/2026 09:35,,,,,No Transfer,,,0,,1,,1,,AGENT_DISCONNECT,0,,0,0,0,0,0,0
2026,wk19,5/5/2026 10:32,5/5/2026 10:32,caa0878b-7e9d-4a64-948e-a3ee86242de6,5/5/2026,VOICE,RESOLVED,Carrier [2] Execution,120,UK,Day,,,,,2,,,,0,0,1,0,0,0,0,0,0,1,0,,,,,5/5/2026 09:34,5/5/2026 09:32,5/5/2026 09:36,123,0,0,0,,0,,Connected,5/5/2026 09:32,5/5/2026 10:32,5/5/2026 10:32,5/5/2026 00:00,,OUTBOUND,5/5/2026 09:32,2,1,0,0,5/5/2026 09:52,,,,,No Transfer,,,0,,1,,1,,CUSTOMER_DISCONNECT,0,,0,0,0,0,0,0
2026,wk19,5/5/2026 10:32,5/5/2026 10:32,a85bb1f1-41e9-4924-bf51-cac539b67e77,5/5/2026,VOICE,OPEN,,0,UK,Day,8,0,0,,0,,1,,0,0,0,0,0,0,1,1,0,0,0,,1,1,1,5/5/2026 09:35,5/5/2026 09:33,5/5/2026 09:35,52,85,85,1,1,1,1,,5/5/2026 09:32,5/5/2026 10:32,5/5/2026 10:32,5/5/2026 00:00,Transfer,INBOUND,5/5/2026 09:32,0,0,0,0,5/5/2026 09:45,,,,20ee4840-04c2-4a3f-84f9-a417bd8703c1,,,5/5/2026 09:33,8,5/5/2026 09:33,1,,1,5/5/2026 09:35,THIRD_PARTY_DISCONNECT,0,1,0,1,1,0,0,0
2026,wk19,5/5/2026 10:31,5/5/2026 10:31,ab7b186b-e4a6-4f2b-8be5-81c79275d834,5/5/2026,VOICE,OPEN,,120,UK,Day,11,0,0,,1,,1,,0,0,0,0,0,0,1,1,0,0,0,,1,1,1,5/5/2026 09:35,5/5/2026 09:32,5/5/2026 09:37,107,98,98,1,1,1,1,,5/5/2026 09:31,5/5/2026 10:31,5/5/2026 10:31,5/5/2026 00:00,Transfer,INBOUND,5/5/2026 09:31,1,0,0,0,5/5/2026 09:43,,,,06c9fcc2-1128-41a6-a8ea-6a9f8f7b431d,,,5/5/2026 09:32,11,5/5/2026 09:32,1,,1,5/5/2026 09:35,THIRD_PARTY_DISCONNECT,0,1,0,1,1,0,0,0
2026,wk19,5/5/2026 10:30,5/5/2026 10:30,bcc8ebab-2d2d-45c8-b7bd-98005d7229d5,5/5/2026,VOICE,OPEN,,120,UK,Day,13,0,0,,1,,1,,0,0,0,0,0,0,1,1,0,0,0,,1,1,1,5/5/2026 09:33,5/5/2026 09:30,5/5/2026 09:35,77,82,82,1,1,1,1,,5/5/2026 09:30,5/5/2026 10:30,5/5/2026 10:30,5/5/2026 00:00,Transfer,INBOUND,5/5/2026 09:30,1,0,0,0,5/5/2026 09:39,,,,371cf1f2-d684-476a-86d4-0abc01d444c6,,,5/5/2026 09:30,13,5/5/2026 09:30,1,,1,5/5/2026 09:33,OTHER,0,1,0,1,1,0,0,0
2026,wk19,5/5/2026 10:20,5/5/2026 10:20,27bc235a-e71b-40dd-a90f-3a3abc489db1,5/5/2026,VOICE,,,120,MEU,Day,12,,,0,1,,,0,0,0,0,0,0,0,0,0,0,0,1,,1,1,1,5/5/2026 08:22,5/5/2026 08:20,5/5/2026 08:24,73,16,16,1,1,1,,,5/5/2026 08:20,5/5/2026 10:20,5/5/2026 10:20,5/5/2026 00:00,,TRANSFER,5/5/2026 08:20,1,0,0,1,5/5/2026 08:31,,,,1d04adf1-55bc-4739-957f-66090b8fff3e,,677043e4-48cb-42c4-bc51-26319c432f6e,5/5/2026 08:20,12,5/5/2026 08:20,1,,1,5/5/2026 08:22,AGENT_DISCONNECT,0,,0,0,1,0,0,0
2026,wk19,5/5/2026 09:55,5/5/2026 09:55,dd7ee605-35be-4742-80db-9cc4fc2c0c68,5/5/2026,VOICE,RESOLVED,Carrier [2] Execution,120,UK,Day,8,0,0,,1,,1,,0,0,0,0,1,0,0,1,0,0,0,,1,1,1,5/5/2026 08:57,5/5/2026 08:56,5/5/2026 08:59,115,0,0,0,1,1,1,,5/5/2026 08:55,5/5/2026 09:55,5/5/2026 09:55,5/5/2026 00:00,No Transfer,INBOUND,5/5/2026 08:55,1,0,0,0,5/5/2026 09:04,,,,,,,5/5/2026 08:56,8,5/5/2026 08:55,1,,1,,AGENT_DISCONNECT,0,1,0,1,1,0,0,0
2026,wk19,5/5/2026 09:46,5/5/2026 09:46,5483aa5b-30e8-4244-b329-87e3d5ef1ccb,5/5/2026,VOICE,RESOLVED,Shipper [2] Execution,37,MEU,Day,7,0,0,,4,,1,,0,0,0,0,1,0,0,1,0,0,0,,1,1,1,5/5/2026 07:51,5/5/2026 07:46,5/5/2026 07:51,276,0,0,0,1,1,1,,5/5/2026 07:46,5/5/2026 09:46,5/5/2026 09:46,5/5/2026 00:00,No Transfer,INBOUND,5/5/2026 07:46,4,0,0,0,5/5/2026 07:57,,,,,,,5/5/2026 07:46,7,5/5/2026 07:46,1,,1,,AGENT_DISCONNECT,0,1,0,1,1,0,0,0
2026,wk19,5/5/2026 09:45,5/5/2026 09:45,7238f21f-1ed3-40a2-811e-cedec0e16b9b,5/5/2026,VOICE,OPEN,,0,UK,Day,12,0,0,,5,,1,,0,0,0,0,1,0,0,1,0,0,0,,1,1,1,5/5/2026 08:52,5/5/2026 08:46,5/5/2026 08:52,305,0,0,0,1,1,1,,5/5/2026 08:45,5/5/2026 09:45,5/5/2026 09:45,5/5/2026 00:00,No Transfer,INBOUND,5/5/2026 08:45,5,0,0,0,5/5/2026 08:57,,,,,,,5/5/2026 08:46,12,5/5/2026 08:46,1,,1,,AGENT_DISCONNECT,0,1,0,1,1,0,0,0
2026,wk19,5/5/2026 09:40,5/5/2026 09:40,84e79b05-ce53-4684-9da5-2e2a3fc3ee81,5/5/2026,VOICE,OPEN,,120,MEU,Day,34,0,0,,1,1,,,0,0,0,0,0,1,0,1,0,0,0,1,0,0,1,5/5/2026 07:44,5/5/2026 07:41,5/5/2026 07:46,100,72,72,1,2,2,1,,5/5/2026 07:40,5/5/2026 09:40,5/5/2026 09:40,5/5/2026 00:00,Transfer,INBOUND,5/5/2026 07:40,1,0,0,0,5/5/2026 07:54,1,>20 sec,,4d69887b-d070-4a03-abce-822c65fe6581,,,5/5/2026 07:41,34,5/5/2026 07:40,1,,1,5/5/2026 07:44,THIRD_PARTY_DISCONNECT,0,1,0,1,1,0,0,0
2026,wk19,5/5/2026 09:30,5/5/2026 09:30,8a3af159-42b7-4b4b-8b2f-be79c9a50fdd,5/5/2026,VOICE,OPEN,,1,MEU,Day,7,0,0,,1,,1,,0,0,0,0,0,0,1,1,0,0,0,,1,1,1,5/5/2026 07:33,5/5/2026 07:31,5/5/2026 07:33,79,62,62,1,1,1,1,,5/5/2026 07:30,5/5/2026 09:30,5/5/2026 09:30,5/5/2026 00:00,Transfer,INBOUND,5/5/2026 07:30,1,0,0,0,5/5/2026 07:45,,,,95276065-031d-48d3-8887-4cdba26924c0,,,5/5/2026 07:31,7,5/5/2026 07:31,1,,1,5/5/2026 07:33,THIRD_PARTY_DISCONNECT,0,1,0,1,1,0,0,0
2026,wk19,5/5/2026 09:00,5/5/2026 09:00,04ec1e65-b555-4d90-a5fd-1f6816428f1c,5/5/2026,VOICE,RESOLVED,Shipper [2] Execution,25,MEU,Day,12,0,0,,1,,1,,0,0,0,0,1,0,0,1,0,0,0,,1,1,1,5/5/2026 07:02,5/5/2026 07:01,5/5/2026 07:03,113,0,0,0,1,1,1,,5/5/2026 07:00,5/5/2026 09:00,5/5/2026 09:00,5/5/2026 00:00,No Transfer,INBOUND,5/5/2026 07:00,1,0,0,0,5/5/2026 07:08,,,,,,,5/5/2026 07:01,12,5/5/2026 07:00,1,,1,,AGENT_DISCONNECT,0,1,0,1,1,0,0,0
2026,wk19,5/5/2026 08:54,5/5/2026 08:54,e2076faf-15fd-4dd5-b79c-04cc6720dc2b,5/5/2026,VOICE,,Shipper [1] Pre-execution,1,MEU,Day,11,,,0,0,,,0,0,0,0,0,0,0,0,0,0,0,1,,1,1,1,5/5/2026 06:56,5/5/2026 06:54,5/5/2026 06:56,40,98,98,1,1,1,,,5/5/2026 06:54,5/5/2026 08:54,5/5/2026 08:54,5/5/2026 00:00,,TRANSFER,5/5/2026 06:54,0,0,0,1,5/5/2026 07:03,,,,,,ba83327b-3268-48c4-8583-bc73d563137b,5/5/2026 06:54,11,5/5/2026 06:54,1,,1,,AGENT_DISCONNECT,0,,0,0,1,0,0,0
2026,wk19,5/5/2026 08:49,5/5/2026 08:49,e02bd2a3-b770-471a-b83b-af2869358414,5/5/2026,VOICE,RESOLVED,Carrier [2] Execution,39,UK,Day,10,0,0,,6,,1,,0,0,0,0,1,0,0,1,0,0,0,,1,1,1,5/5/2026 07:56,5/5/2026 07:49,5/5/2026 07:56,408,0,0,0,1,1,1,,5/5/2026 07:49,5/5/2026 08:49,5/5/2026 08:49,5/5/2026 00:00,No Transfer,INBOUND,5/5/2026 07:49,6,0,0,0,5/5/2026 07:58,,,,,,,5/5/2026 07:49,10,5/5/2026 07:49,1,,1,,AGENT_DISCONNECT,0,1,0,1,1,0,0,0
2026,wk19,5/5/2026 08:47,5/5/2026 08:47,d20f9b0c-d1eb-49e1-ac5c-3470689a3e4d,5/5/2026,VOICE,OPEN,Shipper [1] Pre-execution,120,MEU,Day,13,0,0,,0,,1,,0,0,0,0,0,0,1,1,0,0,0,,1,1,1,5/5/2026 06:50,5/5/2026 06:48,5/5/2026 06:52,53,85,85,1,1,1,1,,5/5/2026 06:47,5/5/2026 08:47,5/5/2026 08:47,5/5/2026 00:00,Transfer,INBOUND,5/5/2026 06:47,0,0,0,0,5/5/2026 07:03,,,,ba83327b-3268-48c4-8583-bc73d563137b,,,5/5/2026 06:48,13,5/5/2026 06:48,1,,1,5/5/2026 06:50,THIRD_PARTY_DISCONNECT,0,1,0,1,1,0,0,0
2026,wk19,5/5/2026 08:43,5/5/2026 08:43,ce8cd9e2-e7af-45e3-ba12-5ebd33b49446,5/5/2026,VOICE,,,120,UK,Day,7,,,0,2,,,0,0,0,0,0,0,0,0,0,0,0,1,,1,1,1,5/5/2026 07:46,5/5/2026 07:43,5/5/2026 07:48,167,16,16,1,1,1,,,5/5/2026 07:43,5/5/2026 08:43,5/5/2026 08:43,5/5/2026 00:00,,TRANSFER,5/5/2026 07:43,2,0,0,1,5/5/2026 07:49,,,,,,87c22f61-fb00-4218-852a-c6a97c5f712a,5/5/2026 07:43,7,5/5/2026 07:43,1,,1,,AGENT_DISCONNECT,0,,0,0,1,0,0,0
2026,wk19,5/5/2026 08:42,5/5/2026 08:42,87c22f61-fb00-4218-852a-c6a97c5f712a,5/5/2026,VOICE,OPEN,,1,UK,Day,30,0,0,,0,1,,,0,0,0,0,0,1,0,1,0,0,0,1,0,1,1,5/5/2026 07:43,5/5/2026 07:42,5/5/2026 07:43,22,27,27,1,2,2,1,,5/5/2026 07:42,5/5/2026 08:42,5/5/2026 08:42,5/5/2026 00:00,Transfer,INBOUND,5/5/2026 07:42,0,0,0,0,5/5/2026 07:47,1,>20 sec,,ce8cd9e2-e7af-45e3-ba12-5ebd33b49446,,,5/5/2026 07:42,30,5/5/2026 07:42,1,,1,5/5/2026 07:43,THIRD_PARTY_DISCONNECT,0,1,0,1,1,0,0,0
2026,wk19,5/5/2026 08:31,5/5/2026 08:31,5db49d00-ab46-4cf7-96e3-3d118cbad923,5/5/2026,VOICE,OPEN,,1,UK,Day,13,0,0,,2,,1,,0,0,0,0,1,0,0,1,0,0,0,,1,1,1,5/5/2026 07:34,5/5/2026 07:32,5/5/2026 07:34,144,0,0,0,1,1,1,,5/5/2026 07:31,5/5/2026 08:31,5/5/2026 08:31,5/5/2026 00:00,No Transfer,INBOUND,5/5/2026 07:31,2,0,0,0,5/5/2026 07:38,,,,,,,5/5/2026 07:32,13,5/5/2026 07:31,1,,1,,CUSTOMER_DISCONNECT,0,1,0,1,1,0,0,0
2026,wk19,5/5/2026 08:01,5/5/2026 08:01,9ab3a8ff-3200-471b-a335-730ea0d4d453,5/5/2026,VOICE,RESOLVED,Shipper [2] Execution,120,UK,Day,,,,,0,,,,0,0,1,0,0,0,0,0,0,1,0,,,,,5/5/2026 07:01,5/5/2026 07:01,5/5/2026 07:03,2,0,0,0,,0,,Connected,5/5/2026 07:01,5/5/2026 08:01,5/5/2026 08:01,5/5/2026 00:00,,OUTBOUND,5/5/2026 07:01,0,1,0,0,5/5/2026 07:04,,,,,No Transfer,,,0,,1,,1,,AGENT_DISCONNECT,0,,0,0,0,0,0,0
2026,wk19,5/5/2026 07:49,5/5/2026 07:49,912994c8-5eb4-49fc-ae9f-9a8f129b6cd5,5/5/2026,VOICE,RESOLVED,Shipper [2] Execution,186,UK,Day,10,0,0,,3,,1,,0,0,0,0,1,0,0,1,0,0,0,,1,1,1,5/5/2026 06:53,5/5/2026 06:50,5/5/2026 06:56,189,0,0,0,1,1,1,,5/5/2026 06:49,5/5/2026 07:49,5/5/2026 07:49,5/5/2026 00:00,No Transfer,INBOUND,5/5/2026 06:49,3,0,0,0,5/5/2026 07:03,,,,,,,5/5/2026 06:50,10,5/5/2026 06:50,1,,1,,CUSTOMER_DISCONNECT,0,1,0,1,1,0,0,0
2026,wk19,5/5/2026 07:47,5/5/2026 07:47,a4e755ed-f170-4bf2-aacb-b6b3ab54a4cc,5/5/2026,VOICE,RESOLVED,Carrier [2] Execution,,MEU,Day,11,1,0,,,,,,1,0,0,0,0,0,0,1,0,0,0,1,,,,,,,,,,,1,1,0,,5/5/2026 05:47,5/5/2026 07:47,5/5/2026 07:47,5/5/2026 00:00,No Transfer,INBOUND,5/5/2026 05:47,,0,0,0,5/5/2026 11:57,1,11-20 sec,,,,,5/5/2026 05:48,11,5/5/2026 05:48,1,,1,,CUSTOMER_DISCONNECT,0,0,0,0,1,0,0,0
2026,wk19,5/5/2026 07:45,5/5/2026 07:45,3b41a145-c502-44c6-9c8b-cd515da7891e,5/5/2026,VOICE,OPEN,,120,UK,Day,8,0,0,,5,,1,,0,0,0,0,1,0,0,1,0,0,0,,1,1,1,5/5/2026 06:51,5/5/2026 06:46,5/5/2026 06:53,304,0,0,0,1,1,1,,5/5/2026 06:45,5/5/2026 07:45,5/5/2026 07:45,5/5/2026 00:00,No Transfer,INBOUND,5/5/2026 06:45,5,0,0,0,5/5/2026 06:58,,,,,,,5/5/2026 06:46,8,5/5/2026 06:45,1,,1,,AGENT_DISCONNECT,0,1,0,1,1,0,0,0
2026,wk19,5/5/2026 07:41,5/5/2026 07:41,582c80d2-53e5-48ca-80c6-53227af3fe4d,5/5/2026,VOICE,RESOLVED,Carrier [2] Execution,2,UK,Day,,,,,2,,,,0,0,1,0,0,0,0,0,0,1,0,,,,,5/5/2026 06:43,5/5/2026 06:41,5/5/2026 06:43,142,0,0,0,,0,,Connected,5/5/2026 06:41,5/5/2026 07:41,5/5/2026 07:41,5/5/2026 00:00,,OUTBOUND,5/5/2026 06:41,2,1,0,0,5/5/2026 06:45,,,,,No Transfer,,,0,,1,,1,,CUSTOMER_DISCONNECT,0,,0,0,0,0,0,0
2026,wk19,5/5/2026 07:39,5/5/2026 07:39,415ad782-c23a-4b23-9e0b-89f6a7625661,5/5/2026,VOICE,RESOLVED,Carrier [2] Execution,89,UK,Day,,,,,0,,,,0,0,1,0,0,0,0,0,0,1,0,,,,,5/5/2026 06:39,5/5/2026 06:39,5/5/2026 06:41,4,0,0,0,,0,,Connected,5/5/2026 06:39,5/5/2026 07:39,5/5/2026 07:39,5/5/2026 00:00,,OUTBOUND,5/5/2026 06:39,0,1,0,0,5/5/2026 06:42,,,,,No Transfer,,,0,,1,,1,,AGENT_DISCONNECT,0,,0,0,0,0,0,0
2026,wk19,5/5/2026 07:38,5/5/2026 07:38,123ffcd0-7371-43e9-94db-af338797fc4c,5/5/2026,VOICE,RESOLVED,Carrier [2] Execution,120,MEU,Day,17,0,0,,11,,1,,0,0,0,0,1,0,0,1,0,0,0,,1,1,1,5/5/2026 05:50,5/5/2026 05:39,5/5/2026 05:52,680,0,0,0,1,1,1,,5/5/2026 05:38,5/5/2026 07:38,5/5/2026 07:38,5/5/2026 00:00,No Transfer,INBOUND,5/5/2026 05:38,11,0,0,0,5/5/2026 05:59,,,,,,,5/5/2026 05:39,17,5/5/2026 05:39,1,,1,,AGENT_DISCONNECT,0,1,0,1,1,0,0,0
2026,wk19,5/5/2026 07:28,5/5/2026 07:28,a5051109-2f50-45db-89fd-32dffc91f5cf,5/5/2026,VOICE,,Shipper [2] Execution,6,UK,Day,9,,,0,2,,,0,0,0,0,0,0,0,0,0,0,0,1,,1,1,1,5/5/2026 06:31,5/5/2026 06:28,5/5/2026 06:31,133,26,26,1,1,1,,,5/5/2026 06:28,5/5/2026 07:28,5/5/2026 07:28,5/5/2026 00:00,,TRANSFER,5/5/2026 06:28,2,0,0,1,5/5/2026 06:32,,,,,,18a7e391-f153-4f3a-b05b-c9d65efa57f2,5/5/2026 06:28,9,5/5/2026 06:28,1,,1,,CUSTOMER_DISCONNECT,0,,0,0,1,0,0,0
2026,wk19,5/5/2026 07:26,5/5/2026 07:26,18a7e391-f153-4f3a-b05b-c9d65efa57f2,5/5/2026,VOICE,RESOLVED,Shipper [2] Execution,26,UK,Day,10,0,0,,1,,1,,0,0,0,0,0,0,1,1,0,0,0,,1,1,1,5/5/2026 06:29,5/5/2026 06:27,5/5/2026 06:29,86,50,50,1,1,1,1,,5/5/2026 06:26,5/5/2026 07:26,5/5/2026 07:26,5/5/2026 00:00,Transfer,INBOUND,5/5/2026 06:26,1,0,0,0,5/5/2026 06:32,,,,a5051109-2f50-45db-89fd-32dffc91f5cf,,,5/5/2026 06:27,10,5/5/2026 06:26,1,,1,5/5/2026 06:29,OTHER,0,1,0,1,1,0,0,0
2026,wk19,5/5/2026 07:12,5/5/2026 07:12,818d398f-f67d-4b5e-8e4e-879c3a7c02db,5/5/2026,VOICE,RESOLVED,Shipper [2] Execution,1,UK,Day,,,,,1,,,,0,0,1,0,0,0,0,0,0,1,0,,,,,5/5/2026 06:13,5/5/2026 06:12,5/5/2026 06:13,61,0,0,0,,0,,Connected,5/5/2026 06:12,5/5/2026 07:12,5/5/2026 07:12,5/5/2026 00:00,,OUTBOUND,5/5/2026 06:12,1,1,0,0,5/5/2026 06:15,,,,,No Transfer,,,0,,1,,1,,CUSTOMER_DISCONNECT,0,,0,0,0,0,0,0
2026,wk19,5/4/2026 06:59,5/4/2026 06:59,863b56a3-ce97-4874-acc7-e3d4b9639c1f,5/5/2026,VOICE,RESOLVED,Carrier [2] Execution,120,UK,Night,12,0,0,,3,,1,,0,0,0,0,1,0,0,1,0,0,0,,1,1,1,5/5/2026 06:04,5/5/2026 06:00,5/5/2026 06:06,210,0,0,0,1,1,1,,5/5/2026 05:59,5/5/2026 06:59,5/4/2026 06:59,5/5/2026 00:00,No Transfer,INBOUND,5/5/2026 05:59,3,0,0,0,5/5/2026 06:11,,,,,,,5/5/2026 06:00,12,5/5/2026 06:00,1,,1,,AGENT_DISCONNECT,0,1,0,1,1,0,0,0
2026,wk19,5/4/2026 06:13,5/4/2026 06:13,f342e230-ed97-4b80-b234-4f35804d832f,5/5/2026,VOICE,RESOLVED,Carrier [2] Execution,60,UK,Night,,,,,1,,,,0,0,1,0,0,0,0,0,0,1,0,,,,,5/5/2026 05:16,5/5/2026 05:14,5/5/2026 05:17,71,95,95,1,,0,,Connected,5/5/2026 05:14,5/5/2026 06:13,5/4/2026 06:13,5/5/2026 00:00,,OUTBOUND,5/5/2026 05:13,1,0,1,0,5/5/2026 05:19,,,,39c8628c-2336-4ae3-9b19-deb1387d0ea6,Transfer,,,0,,1,,1,5/5/2026 05:16,OTHER,0,,0,0,0,0,0,0
2026,wk19,5/4/2026 06:11,5/4/2026 06:11,63b97f60-5d35-43dd-8024-71cf69bcd632,5/5/2026,VOICE,RESOLVED,Carrier [2] Execution,12,UK,Night,18,0,0,,1,,1,,0,0,0,0,1,0,0,1,0,0,0,,1,1,1,5/5/2026 05:13,5/5/2026 05:11,5/5/2026 05:13,89,0,0,0,1,1,1,,5/5/2026 05:11,5/5/2026 06:11,5/4/2026 06:11,5/5/2026 00:00,No Transfer,INBOUND,5/5/2026 05:11,1,0,0,0,5/5/2026 05:17,,,,,,,5/5/2026 05:11,18,5/5/2026 05:11,1,,1,,AGENT_DISCONNECT,0,1,0,1,1,0,0,0
