year,qtr,month,week,creation_date_local_updated,case_id,missed_sla_paragon,case_resolution_category,raising_region,reason,complexity,shift,type_of_case,case_status_name,max_case_queue_transfer_date,out_of_control_cases,last_handle_office,first_comm_dt_last_queue,first_outbound_date_utc,current_case_status_code,creation_date_local,creation_date_utc,case_reopen_date_utc,case_resolve_date_utc,case_resolve_date_local,case_resolve_date_local_updated,year_case_resolved,qtr_case_resolved,month_case_resolved,week_case_resolved,time_in_wip_status,split,sub_issue_type,between_shifts,ttfr_customer,ttfr_team_queue,ttr,ttr_sla,ttr_sla_two,ttr_sla_six,ttr_sla_twelve,ttr_sla_twentyfour,ttr_sla_two_cst,ttr_sla_six_cst,ttr_sla_twelve_cst,ttr_sla_twentyfour_cst,case_days,case_hours_aging_cases,case_reopened,is_aging_case,ttfr_customer_sla,ttfr_team_queue_sla,no_of_inbound_email_contacts,no_of_outbound_email_contacts,num_transfers,resolved_at_first_contact,Forgotten_Cases,Max_aging_case(days),is_complex_case,is_simple_case
2026,2,5,19,5/5/2026 23:15,12553810732,0,,UK,,Complex,Night,IB,WP,5/5/2026 00:00,,,5/5/2026 00:00,5/5/2026 00:00,WP,5/5/2026 23:15,5/5/2026 22:15,,,,,,,,,0,IB,,,4,4,,,0,0,0,0,,,,,0,,0,0,1,1,1,4,1,,0,0,1,0
2026,2,5,19,5/5/2026 22:42,12555024912,0,Carrier [2] Execution,UK,Unloading Dock Congestion,Complex,Night,IB,RS,5/5/2026 00:00,,,5/5/2026 00:00,5/5/2026 00:00,RS,5/5/2026 22:42,5/5/2026 21:42,,5/5/2026 23:00,5/6/2026 00:00,5/5/2026 00:00,2026,2,5,19,0.05138,IB,,,6,6,2,1,1,1,1,1,,,,,,,0,0,1,1,2,4,1,0,0,,1,0
2026,2,5,19,5/5/2026 22:41,12555010452,0,,UK,,Complex,Night,IB,WP,5/5/2026 00:00,,,5/5/2026 00:00,5/5/2026 00:00,WP,5/5/2026 22:41,5/5/2026 21:41,,,,,,,,,0,IB,,,12,12,,,0,0,0,0,,,,,0,,0,0,1,1,1,4,1,,0,0,1,0
2026,2,5,19,5/5/2026 22:36,12555036082,0,Carrier [2] Execution,UK,Unloading Dock Congestion,Complex,Night,IB,RS,5/5/2026 00:00,,,5/5/2026 00:00,5/5/2026 00:00,RS,5/5/2026 22:36,5/5/2026 21:36,,5/5/2026 23:23,5/6/2026 00:23,5/5/2026 00:23,2026,2,5,19,0.0743,IB,,,3,3,2,1,1,1,1,1,,,,,,,0,0,1,1,2,4,1,0,0,,1,0
2026,2,5,19,5/5/2026 22:21,12554893392,0,Carrier [2] Execution,MEU,Loading Reference Number Issue,Complex,Night,IB,RS,5/5/2026 00:00,,,5/5/2026 00:00,5/5/2026 00:00,RS,5/5/2026 22:21,5/5/2026 20:21,,5/5/2026 21:03,5/5/2026 23:03,5/5/2026 23:03,2026,2,5,19,0.00277,IB,,,42,20,1,1,1,1,1,1,,,,,,,0,0,1,1,1,1,2,1,0,,1,0
2026,2,5,19,5/5/2026 22:13,12554858142,0,Carrier [2] Execution,MEU,Unloading Dock Congestion,Complex,Night,IB,RS,5/5/2026 00:00,,,5/5/2026 00:00,5/5/2026 00:00,RS,5/5/2026 22:13,5/5/2026 20:13,,5/5/2026 20:58,5/5/2026 22:58,5/5/2026 22:58,2026,2,5,19,0.02152,IB,,,14,1,0,1,1,1,1,1,,,,,,,0,0,1,1,1,2,2,0,0,,1,0
2026,2,5,19,5/5/2026 22:09,12554921972,0,,MEU,,Complex,Night,OB,WP,,,,,5/5/2026 00:00,WP,5/5/2026 22:09,5/5/2026 20:09,,,,,,,,,0,IB,,,,,,,0,0,0,0,,,,,0,,0,0,,,1,3,,,,0,1,0
2026,2,5,19,5/5/2026 21:47,12554878242,0,,MEU,,Complex,Day,IB,WP,5/5/2026 00:00,1,,5/5/2026 00:00,5/5/2026 00:00,WP,5/5/2026 21:47,5/5/2026 19:47,,,,,,,,,0,IB,Other,day_to_night,24,1,,,0,0,0,0,,,,,0,,0,0,1,1,5,5,3,,0,0,1,0
2026,2,5,19,5/5/2026 21:23,12553787232,0,Carrier [2] Execution,UK,Unloading Reference Number Issue,Complex,Day,OB,PM,,,,,5/5/2026 00:00,PM,5/5/2026 21:23,5/5/2026 20:23,,,,,,,,,,IB,,day_to_night,,,,,0,0,0,0,,,,,0,,0,0,,,0,3,,,,0,1,0
2026,2,5,19,5/5/2026 20:57,12554859012,0,,UK,,Complex,Day,IB,WP,5/5/2026 00:00,,,5/5/2026 00:00,5/5/2026 00:00,WP,5/5/2026 20:57,5/5/2026 19:57,,,,,,,,,0.00138,IB,,,19,6,,,0,0,0,0,,,,,0,,0,0,1,1,6,2,3,,0,0,1,0
2026,2,5,19,5/5/2026 20:37,12554851742,0,Shipper [2] Execution,UK,Reschedule No Coverage,Simple,Day,OB,RS,,,,,5/5/2026 00:00,RS,5/5/2026 20:37,5/5/2026 19:37,,5/5/2026 19:37,5/5/2026 20:37,5/5/2026 20:37,2026,2,5,19,0,IB,,,,,0,1,1,1,1,1,,,,,,,0,0,,,0,1,,1,,,0,1
2026,2,5,19,5/5/2026 20:18,12553756952,0,,UK,,Complex,Day,IB,RS,5/5/2026 00:00,,,5/5/2026 00:00,5/5/2026 00:00,RS,5/5/2026 20:18,5/5/2026 19:18,,5/5/2026 20:56,5/5/2026 21:56,5/5/2026 21:56,2026,2,5,19,0.06249,IB,Other,,6,5,1,1,1,1,1,1,,,,,,,0,0,1,1,1,2,3,0,0,,1,0
2026,2,5,19,5/5/2026 20:15,12554888042,0,Carrier [2] Execution,UK,VRID or Tour Cancellation,Complex,Day,IB,RS,5/5/2026 00:00,,,5/5/2026 00:00,5/5/2026 00:00,RS,5/5/2026 20:15,5/5/2026 19:15,,5/5/2026 20:40,5/5/2026 21:40,5/5/2026 21:40,2026,2,5,19,0.0486,IB,,,16,10,1,1,1,1,1,1,,,,,,,0,0,1,1,1,1,2,1,0,,1,0
2026,2,5,19,5/5/2026 20:13,12553704722,1,,UK,,Complex,Day,IB,WP,5/5/2026 00:00,,,5/5/2026 00:00,5/5/2026 00:00,WP,5/5/2026 20:13,5/5/2026 19:13,,,,,,,,,0,IB,,,5,91,,,0,0,0,0,,,,,0,,0,0,1,0,3,2,2,,0,0,1,0
2026,2,5,19,5/5/2026 20:12,12554861332,0,,UK,,Complex,Day,IB,WP,5/5/2026 00:00,,,5/5/2026 00:00,5/5/2026 00:00,WP,5/5/2026 20:12,5/5/2026 19:12,,,,,,,,,0,IB,,,4,4,,,0,0,0,0,,,,,0,,0,0,1,1,1,4,1,,0,0,1,0
2026,2,5,19,5/5/2026 19:59,12554893162,0,,UK,,Complex,Day,IB,WP,5/5/2026 00:00,,,5/5/2026 00:00,5/5/2026 00:00,WP,5/5/2026 19:59,5/5/2026 18:59,,,,,,,,,0,IB,,,15,15,,,0,0,0,0,,,,,0,,0,0,1,1,1,4,1,,0,0,1,0
2026,2,5,19,5/5/2026 19:57,12554841622,0,,UK,,Complex,Day,OB,PM,5/5/2026 00:00,,,,5/5/2026 00:00,PM,5/5/2026 19:57,5/5/2026 18:57,,,,,,,,,,IB,,,,,,,0,0,0,0,,,,,0,,0,0,,,0,1,1,,,0,1,0
2026,2,5,19,5/5/2026 19:48,12554849242,0,,UK,,Complex,Day,OB,RS,5/5/2026 00:00,,,,5/5/2026 00:00,RS,5/5/2026 19:48,5/5/2026 18:48,,5/5/2026 18:48,5/5/2026 19:48,5/5/2026 19:48,2026,2,5,19,,IB,,,,,0,1,1,1,1,1,,,,,,,0,0,,,0,1,1,1,,,1,0
2026,2,5,19,5/5/2026 19:35,12553595892,0,Carrier [2] Execution,MEU,Delay to Destination,Complex,Day,IB,WP,5/5/2026 00:00,,,5/5/2026 00:00,5/5/2026 00:00,WP,5/5/2026 19:35,5/5/2026 17:35,,,,,,,,,0.00138,IB,,,4,2,,,0,0,0,0,,,,,0,,0,0,1,1,1,2,2,,0,0,1,0
2026,2,5,19,5/5/2026 19:17,12554830762,0,Carrier [2] Execution,UK,Unloading Dock Congestion,Complex,Day,IB,RS,5/5/2026 00:00,,,5/5/2026 00:00,5/5/2026 00:00,RS,5/5/2026 19:17,5/5/2026 18:17,,5/5/2026 19:17,5/5/2026 20:17,5/5/2026 20:17,2026,2,5,19,0.0368,IB,,,60,58,1,1,1,1,1,1,,,,,,,0,0,1,1,3,1,2,1,0,,1,0
2026,2,5,19,5/5/2026 19:03,12553532492,1,Carrier [2] Execution,UK,Unloading Dock Congestion,Complex,Day,IB,RS,5/5/2026 00:00,,,5/5/2026 00:00,5/5/2026 00:00,RS,5/5/2026 19:03,5/5/2026 18:03,,5/5/2026 19:15,5/5/2026 20:15,5/5/2026 20:15,2026,2,5,19,0.03749,IB,,,72,60,1,1,1,1,1,1,,,,,,,0,0,0,1,1,1,2,1,0,,1,0
2026,2,5,19,5/5/2026 18:59,12554781232,1,Carrier [2] Execution,UK,Unloading Dock Congestion,Complex,Day,IB,RS,5/5/2026 00:00,,,5/5/2026 00:00,5/5/2026 00:00,RS,5/5/2026 18:59,5/5/2026 17:59,,5/5/2026 19:13,5/5/2026 20:13,5/5/2026 20:13,2026,2,5,19,0.03541,IB,,,74,59,2,1,1,1,1,1,,,,,,,0,0,0,1,1,1,2,1,0,,1,0
2026,2,5,19,5/5/2026 18:44,12554738202,0,,UK,,Complex,Day,OB,RS,5/5/2026 00:00,,,,5/5/2026 00:00,RS,5/5/2026 18:44,5/5/2026 17:44,,5/5/2026 17:44,5/5/2026 18:44,5/5/2026 18:44,2026,2,5,19,,IB,,,,,0,1,1,1,1,1,,,,,,,0,0,,,0,1,1,1,,,1,0
2026,2,5,19,5/5/2026 18:37,12554733042,0,Carrier [2] Execution,MEU,Unloading Dock Congestion,Complex,Day,IB,RS,5/5/2026 00:00,,,5/5/2026 00:00,5/5/2026 00:00,RS,5/5/2026 18:37,5/5/2026 16:37,,5/5/2026 20:30,5/5/2026 22:30,5/5/2026 22:30,2026,2,5,19,0.15693,IB,,,19,10,4,1,0,1,1,1,,,,,,,0,0,1,1,2,4,2,0,0,,1,0
2026,2,5,19,5/5/2026 18:13,12554787092,0,Carrier [2] Execution,UK,Unloading Dock Congestion,Complex,Day,IB,RS,5/5/2026 00:00,,,5/5/2026 00:00,5/5/2026 00:00,RS,5/5/2026 18:13,5/5/2026 17:13,,5/5/2026 18:29,5/5/2026 19:29,5/5/2026 19:29,2026,2,5,19,0.04236,IB,Other,,16,1,1,1,1,1,1,1,,,,,,,0,0,1,1,1,1,2,1,0,,1,0
2026,2,5,19,5/5/2026 17:55,12553479492,0,,UK,,Complex,Day,IB,WP,5/5/2026 00:00,,,5/5/2026 00:00,5/5/2026 00:00,WP,5/5/2026 17:55,5/5/2026 16:55,,,,,,,,,0,IB,Other,,22,1,,,0,0,0,0,,,,,0,,0,0,1,1,1,1,2,,0,0,1,0
2026,2,5,19,5/5/2026 17:55,12554656082,0,Carrier [2] Execution,MEU,Unloading Dock Congestion,Complex,Day,IB,RS,5/5/2026 00:00,,,5/5/2026 00:00,5/5/2026 00:00,RS,5/5/2026 17:55,5/5/2026 15:55,,5/5/2026 16:23,5/5/2026 18:23,5/5/2026 18:23,2026,2,5,19,0.01597,IB,,,7,1,1,1,1,1,1,1,,,,,,,0,0,1,1,2,2,2,0,0,,1,0
2026,2,5,19,5/5/2026 17:29,12554702822,0,,UK,,Complex,Day,OB,RS,5/5/2026 00:00,,,,5/5/2026 00:00,RS,5/5/2026 17:29,5/5/2026 16:29,5/5/2026 16:34,5/5/2026 16:35,5/5/2026 17:35,5/5/2026 17:35,2026,2,5,19,0,IB,,,,,0,1,1,1,1,1,,,,,,,1,0,,,1,1,1,1,,,1,0
2026,2,5,19,5/5/2026 17:22,12554760342,0,,UK,,Complex,Day,IB,WP,5/5/2026 00:00,,,5/5/2026 00:00,5/5/2026 00:00,WP,5/5/2026 17:22,5/5/2026 16:22,,,,,,,,,0.00208,IB,,,22,8,,,0,0,0,0,,,,,0,,0,0,1,1,3,3,2,,0,0,1,0
2026,2,5,19,5/5/2026 17:11,12554622442,0,Internal [2] Execution,UK,FC Fulfillment Network,Complex,Day,IB,RS,5/5/2026 00:00,,,5/5/2026 00:00,5/5/2026 00:00,RS,5/5/2026 17:11,5/5/2026 16:11,,5/5/2026 19:33,5/5/2026 20:33,5/5/2026 20:33,2026,2,5,19,0.12985,IB,Other,,2,15,3,1,0,1,1,1,,,,,,,0,0,1,1,1,2,2,0,0,,1,0
2026,2,5,19,5/5/2026 17:09,12554679212,0,Carrier [2] Execution,UK,Loading Reference Number Issue,Complex,Day,IB,RS,5/5/2026 00:00,,,5/5/2026 00:00,5/5/2026 00:00,RS,5/5/2026 17:09,5/5/2026 16:09,,5/5/2026 16:34,5/5/2026 17:34,5/5/2026 17:34,2026,2,5,19,0.00069,IB,,,25,24,0,1,1,1,1,1,,,,,,,0,0,1,1,1,1,1,1,0,,1,0
2026,2,5,19,5/5/2026 17:07,12554700232,0,,UK,,Complex,Day,OB,RS,5/5/2026 00:00,,,,5/5/2026 00:00,RS,5/5/2026 17:07,5/5/2026 16:07,,5/5/2026 16:08,5/5/2026 17:08,5/5/2026 17:08,2026,2,5,19,,IB,,,,,0,1,1,1,1,1,,,,,,,0,0,,,0,1,1,1,,,1,0
2026,2,5,19,5/5/2026 17:00,12554637802,0,Carrier [2] Execution,UK,Unloading Dock Congestion,Complex,Day,IB,RS,5/5/2026 00:00,,,5/5/2026 00:00,5/5/2026 00:00,RS,5/5/2026 17:00,5/5/2026 16:00,,5/5/2026 20:51,5/5/2026 21:51,5/5/2026 21:51,2026,2,5,19,0.20138,IB,,,13,13,4,1,0,1,1,1,,,,,,,0,0,1,1,4,4,1,0,0,,1,0
2026,2,5,19,5/5/2026 17:00,12554734592,0,Carrier [2] Execution,UK,VRID or Tour Cancellation,Complex,Day,IB,RS,5/5/2026 00:00,,,,5/5/2026 00:00,RS,5/5/2026 17:00,5/5/2026 16:00,,5/5/2026 21:12,5/5/2026 22:12,5/5/2026 22:12,2026,2,5,19,0.15416,IB,,,3,,5,1,0,1,1,1,,,,,,,0,0,1,,3,2,5,0,0,,1,0
2026,2,5,19,5/5/2026 16:59,12553534172,0,Shipper [2] Execution,UK,Reschedule No Coverage,Simple,Day,OB,RS,,,,,5/5/2026 00:00,RS,5/5/2026 16:59,5/5/2026 15:59,,5/5/2026 16:01,5/5/2026 17:01,5/5/2026 17:01,2026,2,5,19,,IB,,,,,1,1,1,1,1,1,,,,,,,0,0,,,0,1,,1,,,0,1
2026,2,5,19,5/5/2026 16:53,12553369042,0,,UK,,Complex,Day,IB,PA,5/5/2026 00:00,,,5/5/2026 00:00,5/5/2026 00:00,PA,5/5/2026 16:53,5/5/2026 15:53,,,,,,,,,0.00347,IB,Other,,3,1,,,0,0,0,0,,,,,0,,0,0,1,1,2,3,2,,0,0,1,0
2026,2,5,19,5/5/2026 16:47,12554484352,0,Shipper [2] Execution,MEU,Reschedule No Coverage,Simple,Day,IB,RS,5/5/2026 00:00,,,5/5/2026 00:00,5/5/2026 00:00,RS,5/5/2026 16:47,5/5/2026 14:47,,5/5/2026 17:29,5/5/2026 19:29,5/5/2026 19:29,2026,2,5,19,0.05068,IB,,,15,9,3,1,0,1,1,1,,,,,,,0,0,1,1,2,4,4,0,0,,0,1
2026,2,5,19,5/5/2026 16:47,12554642092,0,Carrier [2] Execution,UK,Location Confirmation,Simple,Day,IB,RS,5/5/2026 00:00,,,5/5/2026 00:00,5/5/2026 00:00,RS,5/5/2026 16:47,5/5/2026 15:47,,5/5/2026 16:35,5/5/2026 17:35,5/5/2026 17:35,2026,2,5,19,0.03125,IB,,,4,4,1,1,1,1,1,1,,,,,,,0,0,1,1,2,2,1,0,0,,0,1
2026,2,5,19,5/5/2026 16:42,12554636902,0,Carrier [2] Execution,UK,Duplicate or Invalid Case,Simple,Day,IB,RS,5/5/2026 00:00,,,5/5/2026 00:00,5/5/2026 00:00,RS,5/5/2026 16:42,5/5/2026 15:42,,5/5/2026 16:40,5/5/2026 17:40,5/5/2026 17:40,2026,2,5,19,0.03888,IB,,,3,3,1,1,1,1,1,1,,,,,,,0,0,1,1,1,2,1,0,0,,0,1
2026,2,5,19,5/5/2026 16:37,12553441832,0,Carrier [2] Execution,UK,Delay to Collection,Complex,Day,IB,RS,5/5/2026 00:00,1,,5/5/2026 00:00,5/5/2026 00:00,RS,5/5/2026 16:37,5/5/2026 15:37,,5/5/2026 20:07,5/5/2026 21:07,5/5/2026 21:07,2026,2,5,19,0.17708,IB,,,16,15,5,1,0,1,1,1,,,,,,,0,0,1,1,5,5,1,0,0,,1,0
2026,2,5,19,5/5/2026 16:37,12554527572,0,Carrier [2] Execution,MEU,Delay to Collection,Complex,Day,IB,RS,5/5/2026 00:00,,,5/5/2026 00:00,5/5/2026 00:00,RS,5/5/2026 16:37,5/5/2026 14:37,,5/5/2026 15:02,5/5/2026 17:02,5/5/2026 17:02,2026,2,5,19,0.00138,IB,,,25,2,1,1,1,1,1,1,,,,,,,0,0,1,1,2,1,2,1,0,,1,0
2026,2,5,19,5/5/2026 16:37,12554589812,0,Carrier [2] Execution,UK,No Goods CMR,Complex,Day,IB,RS,5/5/2026 00:00,,,,5/5/2026 00:00,RS,5/5/2026 16:37,5/5/2026 15:37,,5/5/2026 17:46,5/5/2026 18:46,5/5/2026 18:46,2026,2,5,19,0.00555,IB,Other,,34,,2,1,1,1,1,1,,,,,,,0,0,1,,1,1,4,1,0,,1,0
2026,2,5,19,5/5/2026 16:30,12554638522,0,Carrier [2] Execution,UK,Location Confirmation,Simple,Day,IB,RS,5/5/2026 00:00,,,5/5/2026 00:00,5/5/2026 00:00,RS,5/5/2026 16:30,5/5/2026 15:30,,5/5/2026 16:35,5/5/2026 17:35,5/5/2026 17:35,2026,2,5,19,0.03611,IB,,,14,14,1,1,1,1,1,1,,,,,,,0,0,1,1,1,1,1,1,0,,0,1
2026,2,5,19,5/5/2026 16:22,12554574692,0,Shipper [2] Execution,UK,Delay to Collection,Complex,Day,IB,RS,,,,,5/5/2026 00:00,RS,5/5/2026 16:22,5/5/2026 15:22,,5/5/2026 17:40,5/5/2026 18:40,5/5/2026 18:40,2026,2,5,19,0.07916,IB,Other,,25,,2,1,1,1,1,1,,,,,,,0,0,1,1,1,1,,1,0,,1,0
2026,2,5,19,5/5/2026 16:16,12554472872,0,Carrier [2] Execution,MEU,Seal Request,Simple,Day,OB,RS,,,,,5/5/2026 00:00,RS,5/5/2026 16:16,5/5/2026 14:16,,5/5/2026 14:20,5/5/2026 16:20,5/5/2026 16:20,2026,2,5,19,,IB,,,,,0,1,1,1,1,1,,,,,,,0,0,,,0,1,,1,,,0,1
2026,2,5,19,5/5/2026 16:16,12554654772,0,,UK,,Complex,Day,OB,RS,5/5/2026 00:00,,,,5/5/2026 00:00,RS,5/5/2026 16:16,5/5/2026 15:16,,5/5/2026 15:57,5/5/2026 16:57,5/5/2026 16:57,2026,2,5,19,,IB,,,,,0,1,1,1,1,1,,,,,,,0,0,,,1,1,1,1,,,1,0
2026,2,5,19,5/5/2026 16:14,12553454182,0,,UK,,Complex,Day,OB,RS,5/5/2026 00:00,,,,5/5/2026 00:00,RS,5/5/2026 16:14,5/5/2026 15:14,,5/5/2026 15:55,5/5/2026 16:55,5/5/2026 16:55,2026,2,5,19,,IB,,,,,0,1,1,1,1,1,,,,,,,0,0,,,1,1,1,1,,,1,0
2026,2,5,19,5/5/2026 16:12,12554411502,0,Carrier [2] Execution,MEU,Seal Request,Simple,Day,IB,RS,5/5/2026 00:00,,,5/5/2026 00:00,5/5/2026 00:00,RS,5/5/2026 16:12,5/5/2026 14:12,5/5/2026 14:25,5/5/2026 16:08,5/5/2026 18:08,5/5/2026 18:08,2026,2,5,19,0.06666,IB,,,5,3,2,1,1,1,1,1,,,,,,,1,0,1,1,4,3,2,0,0,,0,1
2026,2,5,19,5/5/2026 16:12,12554417422,0,Carrier [2] Execution,MEU,Unloading Dock Congestion,Complex,Day,IB,RS,5/5/2026 00:00,,,5/5/2026 00:00,5/5/2026 00:00,RS,5/5/2026 16:12,5/5/2026 14:12,,5/5/2026 17:46,5/5/2026 19:46,5/5/2026 19:46,2026,2,5,19,0.14652,IB,,,3,1,3,1,0,1,1,1,,,,,,,0,0,1,1,2,2,2,0,0,,1,0
2026,2,5,19,5/5/2026 16:07,12554551102,0,Carrier [2] Execution,UK,Loading Dock Congestion,Complex,Day,IB,RS,5/5/2026 00:00,,,5/5/2026 00:00,5/5/2026 00:00,RS,5/5/2026 16:07,5/5/2026 15:07,,5/5/2026 19:46,5/5/2026 20:46,5/5/2026 20:46,2026,2,5,19,0.19305,IB,,,23,23,4,1,0,1,1,1,,,,,,,0,0,1,1,3,3,1,0,0,,1,0
2026,2,5,19,5/5/2026 16:03,12553405422,0,Shipper [2] Execution,UK,Delay to Collection,Complex,Day,IB,RS,,,,,5/5/2026 00:00,RS,5/5/2026 16:03,5/5/2026 15:03,,5/5/2026 19:45,5/5/2026 20:45,5/5/2026 20:45,2026,2,5,19,0.19236,IB,Other,,7,,4,1,0,1,1,1,,,,,,,0,0,1,1,1,2,,0,0,,1,0
2026,2,5,19,5/5/2026 16:02,12553215892,0,Carrier [2] Execution,MEU,Unloading Reference Number Issue,Complex,Day,OB,RS,,,,,5/5/2026 00:00,RS,5/5/2026 16:02,5/5/2026 14:02,,5/5/2026 16:06,5/5/2026 18:06,5/5/2026 18:06,2026,2,5,19,,IB,,,,,2,1,1,1,1,1,,,,,,,0,0,,,2,2,,0,,,1,0
2026,2,5,19,5/5/2026 15:58,12554520922,0,Shipper [2] Execution,UK,Loading Reference Number Issue,Complex,Day,OB,RS,,,,,5/5/2026 00:00,RS,5/5/2026 15:58,5/5/2026 14:58,,5/5/2026 17:41,5/5/2026 18:41,5/5/2026 18:41,2026,2,5,19,0.02222,IB,,,,,3,1,0,1,1,1,,,,,,,0,0,,,1,4,,0,,,1,0
2026,2,5,19,5/5/2026 15:55,12553097082,0,Shipper [2] Execution,MEU,Loading Reference Number Issue,Complex,Day,IB,RS,,,,,5/5/2026 00:00,RS,5/5/2026 15:55,5/5/2026 13:55,,5/5/2026 17:10,5/5/2026 19:10,5/5/2026 19:10,2026,2,5,19,0.13472,IB,,,4,,4,1,0,1,1,1,,,,,,,0,0,1,1,3,3,,0,0,,1,0
2026,2,5,19,5/5/2026 15:50,12553248712,0,Carrier [2] Execution,UK,Unloading Dock Congestion,Complex,Day,IB,RS,5/5/2026 00:00,,,5/5/2026 00:00,5/5/2026 00:00,RS,5/5/2026 15:50,5/5/2026 14:50,,5/5/2026 15:29,5/5/2026 16:29,5/5/2026 16:29,2026,2,5,19,0.01944,IB,,,33,28,1,1,1,1,1,1,,,,,,,0,0,1,1,3,3,2,0,0,,1,0
2026,2,5,19,5/5/2026 15:47,12553237052,0,Shipper [2] Execution,UK,Reschedule No Coverage,Simple,Day,OB,RS,,,,,5/5/2026 00:00,RS,5/5/2026 15:47,5/5/2026 14:47,,5/5/2026 19:18,5/5/2026 20:18,5/5/2026 20:18,2026,2,5,19,,IB,,,,,5,1,0,1,1,1,,,,,,,0,0,,,0,1,,1,,,0,1
2026,2,5,19,5/5/2026 15:46,12554488762,0,Internal [2] Execution,UK,ROC Inbound Network,Complex,Day,IB,RS,5/5/2026 00:00,,,5/5/2026 00:00,5/5/2026 00:00,RS,5/5/2026 15:46,5/5/2026 14:46,,5/5/2026 20:31,5/5/2026 21:31,5/5/2026 21:31,2026,2,5,19,0.0118,IB,Other,,28,28,6,1,0,1,1,1,,,,,,,0,0,1,1,3,2,1,0,0,,1,0
2026,2,5,19,5/5/2026 15:45,12553199942,0,Shipper [3] Post-execution,UK,System Issue R4S,Simple,Day,IB,RS,,,,,,RS,5/5/2026 15:45,5/5/2026 14:45,,5/5/2026 14:56,5/5/2026 15:56,5/5/2026 15:56,2026,2,5,19,0.00069,IB,,,,,0,1,1,1,1,1,,,,,,,0,0,,,1,0,,0,0,,0,1
2026,2,5,19,5/5/2026 15:43,12553387812,0,Carrier [2] Execution,UK,No AZNG Trailer Available,Complex,Day,IB,RS,5/5/2026 00:00,,,5/5/2026 00:00,5/5/2026 00:00,RS,5/5/2026 15:43,5/5/2026 14:43,,5/5/2026 16:01,5/5/2026 17:01,5/5/2026 17:01,2026,2,5,19,0.03055,IB,Other,,23,21,2,1,1,1,1,1,,,,,,,0,0,1,1,3,3,2,0,0,,1,0
2026,2,5,19,5/5/2026 15:37,12554463752,0,Carrier [2] Execution,UK,Duplicate or Invalid Case,Simple,Day,IB,RS,5/5/2026 00:00,,,5/5/2026 00:00,5/5/2026 00:00,RS,5/5/2026 15:37,5/5/2026 14:37,,5/5/2026 16:03,5/5/2026 17:03,5/5/2026 17:03,2026,2,5,19,0.04999,IB,Other,,20,3,2,1,1,1,1,1,,,,,,,0,0,1,1,2,2,3,0,0,,0,1
2026,2,5,19,5/5/2026 15:36,12553277882,0,Carrier [2] Execution,UK,Unloading Dock Congestion,Complex,Day,IB,RS,5/5/2026 00:00,,,5/5/2026 00:00,5/5/2026 00:00,RS,5/5/2026 15:36,5/5/2026 14:36,,5/5/2026 14:59,5/5/2026 15:59,5/5/2026 15:59,2026,2,5,19,0.00902,IB,,,23,23,0,1,1,1,1,1,,,,,,,0,0,1,1,1,1,1,1,0,,1,0
2026,2,5,19,5/5/2026 15:36,12553332372,0,Carrier [2] Execution,UK,Loading Reference Number Issue,Complex,Day,IB,RS,5/5/2026 00:00,,,5/5/2026 00:00,5/5/2026 00:00,RS,5/5/2026 15:36,5/5/2026 14:36,,5/5/2026 17:41,5/5/2026 18:41,5/5/2026 18:41,2026,2,5,19,0.12222,IB,,,19,19,3,1,0,1,1,1,,,,,,,0,0,1,1,4,3,1,0,0,,1,0
2026,2,5,19,5/5/2026 15:36,12554315822,0,Shipper [2] Execution,MEU,Reschedule No Coverage,Simple,Day,OB,RS,,,,,5/5/2026 00:00,RS,5/5/2026 15:36,5/5/2026 13:36,,5/5/2026 13:37,5/5/2026 15:37,5/5/2026 15:37,2026,2,5,19,,IB,,,,,0,1,1,1,1,1,,,,,,,0,0,,,0,1,,1,,,0,1
2026,2,5,19,5/5/2026 15:36,12554477852,0,,UK,,Complex,Day,IB,PM,5/5/2026 00:00,1,,5/5/2026 00:00,5/5/2026 00:00,PM,5/5/2026 15:36,5/5/2026 14:36,,,,,,,,,0.02151,IB,,,6,3,,,0,0,0,0,,,,,0,,0,0,1,1,4,6,2,,0,0,1,0
2026,2,5,19,5/5/2026 15:32,12553425532,1,,UK,,Complex,Day,IB,RS,5/5/2026 00:00,,,5/5/2026 00:00,5/5/2026 00:00,RS,5/5/2026 15:32,5/5/2026 14:32,,5/5/2026 16:31,5/5/2026 17:31,5/5/2026 17:31,2026,2,5,19,0.00902,IB,Other,,73,52,2,1,1,1,1,1,,,,,,,0,0,0,1,1,1,2,1,0,,1,0
2026,2,5,19,5/5/2026 15:27,12554450402,0,,UK,,Complex,Day,OB,PM,5/5/2026 00:00,,,,5/5/2026 00:00,PM,5/5/2026 15:27,5/5/2026 14:27,,,,,,,,,,IB,,,,,,,0,0,0,0,,,,,0,,0,0,,,0,1,1,,,0,1,0
2026,2,5,19,5/5/2026 15:26,12554377972,0,Shipper [2] Execution,MEU,Reschedule No Coverage,Simple,Day,OB,RS,,,,,5/5/2026 00:00,RS,5/5/2026 15:26,5/5/2026 13:26,,5/5/2026 13:26,5/5/2026 15:26,5/5/2026 15:26,2026,2,5,19,,IB,,,,,0,1,1,1,1,1,,,,,,,0,0,,,0,1,,1,,,0,1
2026,2,5,19,5/5/2026 15:24,12554471542,0,Carrier [2] Execution,UK,Delay to Collection,Complex,Day,IB,RS,5/5/2026 00:00,,,5/5/2026 00:00,5/5/2026 00:00,RS,5/5/2026 15:24,5/5/2026 14:24,,5/5/2026 15:46,5/5/2026 16:46,5/5/2026 16:46,2026,2,5,19,0.04236,IB,Other,,27,27,1,1,1,1,1,1,,,,,,,0,0,1,1,1,3,1,0,0,,1,0
2026,2,5,19,5/5/2026 15:23,12554459762,0,,UK,,Complex,Day,IB,PM,5/5/2026 00:00,1,,5/5/2026 00:00,5/5/2026 00:00,PM,5/5/2026 15:23,5/5/2026 14:23,,,,,,,,,0.01735,IB,,,31,53,,,0,0,0,0,,,,,0,,0,0,1,1,23,10,3,,0,0,1,0
2026,2,5,19,5/5/2026 15:19,12554465992,0,,UK,,Complex,Day,IB,PM,5/5/2026 00:00,1,,5/5/2026 00:00,5/5/2026 00:00,PM,5/5/2026 15:19,5/5/2026 14:19,,,,,,,,,0.02777,IB,,,20,3,,,0,0,0,0,,,,,0,,0,0,1,1,4,7,2,,0,0,1,0
2026,2,5,19,5/5/2026 15:10,12554416812,0,Carrier [2] Execution,UK,Loading Dock Congestion,Complex,Day,OB,RS,,,,,5/5/2026 00:00,RS,5/5/2026 15:10,5/5/2026 14:10,,5/5/2026 16:23,5/5/2026 17:23,5/5/2026 17:23,2026,2,5,19,,IB,,,,,2,1,1,1,1,1,,,,,,,0,0,,,1,2,,0,,,1,0
2026,2,5,19,5/5/2026 15:09,12554431742,0,Carrier [2] Execution,UK,System Issue R4C R4D,Complex,Day,IB,RS,5/5/2026 00:00,,,5/5/2026 00:00,5/5/2026 00:00,RS,5/5/2026 15:09,5/5/2026 14:09,,5/5/2026 17:16,5/5/2026 18:16,5/5/2026 18:16,2026,2,5,19,0.12777,IB,,,6,4,3,1,0,1,1,1,,,,,,,0,0,1,1,5,3,2,0,0,,1,0
2026,2,5,19,5/5/2026 15:08,12554216542,0,Carrier [2] Execution,MEU,System Issue R4C R4D,Complex,Day,IB,RS,5/5/2026 00:00,,,5/5/2026 00:00,5/5/2026 00:00,RS,5/5/2026 15:08,5/5/2026 13:08,,5/5/2026 14:10,5/5/2026 16:10,5/5/2026 16:10,2026,2,5,19,0.04097,IB,,,9,4,1,1,1,1,1,1,,,,,,,0,0,1,1,2,1,2,1,0,,1,0
2026,2,5,19,5/5/2026 15:04,12554481552,0,,UK,,Complex,Day,IB,WP,5/5/2026 00:00,,,5/5/2026 00:00,5/5/2026 00:00,WP,5/5/2026 15:04,5/5/2026 14:04,,,,,,,,,0,IB,Other,,19,17,,,0,0,0,0,,,,,0,,0,0,1,1,1,2,2,,0,0,1,0
2026,2,5,19,5/5/2026 15:01,12554424402,0,Carrier [2] Execution,UK,Loading Dock Congestion,Complex,Day,IB,RS,5/5/2026 00:00,,,5/5/2026 00:00,5/5/2026 00:00,RS,5/5/2026 15:01,5/5/2026 14:01,,5/5/2026 16:22,5/5/2026 17:22,5/5/2026 17:22,2026,2,5,19,0.09791,IB,,,10,3,2,1,1,1,1,1,,,,,,,0,0,1,1,6,2,2,0,0,,1,0
2026,2,5,19,5/5/2026 14:46,12554327312,0,,UK,,Complex,Day,IB,PM,5/5/2026 00:00,,,5/5/2026 00:00,5/5/2026 00:00,PM,5/5/2026 14:46,5/5/2026 13:46,,,,,,,,,0.05416,IB,,,10,6,,,0,0,0,0,,,,,0,,0,0,1,1,1,5,2,,0,0,1,0
2026,2,5,19,5/5/2026 14:35,12554226592,0,Shipper [2] Execution,MEU,Loading Dock Congestion,Complex,Day,OB,RS,,,,,5/5/2026 00:00,RS,5/5/2026 14:35,5/5/2026 12:35,,5/5/2026 13:20,5/5/2026 15:20,5/5/2026 15:20,2026,2,5,19,0.03125,IB,,,,,1,1,1,1,1,1,,,,,,,0,0,,,0,2,,0,,,1,0
2026,2,5,19,5/5/2026 14:34,12552842152,0,Shipper [2] Execution,MEU,Loading Reference Number Issue,Complex,Day,OB,RS,,,,,5/5/2026 00:00,RS,5/5/2026 14:34,5/5/2026 12:34,,5/5/2026 12:35,5/5/2026 14:35,5/5/2026 14:35,2026,2,5,19,,IB,,,,,0,1,1,1,1,1,,,,,,,0,0,,,0,1,,1,,,1,0
2026,2,5,19,5/5/2026 14:30,12554305802,0,,UK,,Complex,Day,OB,RS,5/5/2026 00:00,,,,5/5/2026 00:00,RS,5/5/2026 14:30,5/5/2026 13:30,,5/5/2026 13:42,5/5/2026 14:42,5/5/2026 14:42,2026,2,5,19,,IB,,,,,0,1,1,1,1,1,,,,,,,0,0,,,1,1,1,1,,,1,0
2026,2,5,19,5/5/2026 14:28,12552975162,0,Shipper [2] Execution,MEU,Loading Dock Congestion,Complex,Day,OB,RS,,,,,5/5/2026 00:00,RS,5/5/2026 14:28,5/5/2026 12:28,,5/5/2026 14:21,5/5/2026 16:21,5/5/2026 16:21,2026,2,5,19,,IB,,,,,2,1,1,1,1,1,,,,,,,0,0,,,0,1,,1,,,1,0
2026,2,5,19,5/5/2026 14:26,12554141992,0,Carrier [2] Execution,MEU,Loading Dock Congestion,Complex,Day,IB,RS,5/5/2026 00:00,,,5/5/2026 00:00,5/5/2026 00:00,RS,5/5/2026 14:26,5/5/2026 12:26,,5/5/2026 14:11,5/5/2026 16:11,5/5/2026 16:11,2026,2,5,19,0.07152,IB,,,11,4,2,1,1,1,1,1,,,,,,,0,0,1,1,1,2,2,0,0,,1,0
2026,2,5,19,5/5/2026 14:22,12554235792,0,Shipper [2] Execution,UK,Reschedule No Coverage,Simple,Day,IB,RS,,,,,,RS,5/5/2026 14:22,5/5/2026 13:22,,5/5/2026 13:37,5/5/2026 14:37,5/5/2026 14:37,2026,2,5,19,0.00069,IB,,,,,0,1,1,1,1,1,,,,,,,0,0,,,1,0,,0,0,,0,1
2026,2,5,19,5/5/2026 14:20,12554280212,0,Internal [2] Execution,UK,Account Manager,Complex,Day,IB,RS,,,,,,RS,5/5/2026 14:20,5/5/2026 13:20,,5/5/2026 13:37,5/5/2026 14:37,5/5/2026 14:37,2026,2,5,19,0.00069,IB,,,,,0,1,1,1,1,1,,,,,,,0,0,,,1,0,,0,0,,1,0
2026,2,5,19,5/5/2026 14:11,12554274612,0,,UK,,Complex,Day,OB,RS,5/5/2026 00:00,,,,5/5/2026 00:00,RS,5/5/2026 14:11,5/5/2026 13:11,,5/5/2026 13:42,5/5/2026 14:42,5/5/2026 14:42,2026,2,5,19,,IB,,,,,0,1,1,1,1,1,,,,,,,0,0,,,1,1,1,1,,,1,0
2026,2,5,19,5/5/2026 14:03,12554206972,0,Carrier [2] Execution,UK,Unloading Dock Congestion,Complex,Day,IB,RS,5/5/2026 00:00,,,5/5/2026 00:00,5/5/2026 00:00,RS,5/5/2026 14:03,5/5/2026 13:03,,5/5/2026 14:51,5/5/2026 15:51,5/5/2026 15:51,2026,2,5,19,0.07152,IB,,,6,5,1,1,1,1,1,1,,,,,,,0,0,1,1,2,2,2,0,0,,1,0
2026,2,5,19,5/5/2026 14:00,12554229612,0,Carrier [2] Execution,UK,VRID or Tour Cancellation,Complex,Day,IB,RS,5/5/2026 00:00,,,,5/5/2026 00:00,RS,5/5/2026 14:00,5/5/2026 13:00,,5/5/2026 15:08,5/5/2026 16:08,5/5/2026 16:08,2026,2,5,19,0.00902,IB,,,23,,2,1,1,1,1,1,,,,,,,0,0,1,,2,1,3,1,0,,1,0
2026,2,5,19,5/5/2026 13:54,12553088742,0,Carrier [2] Execution,UK,Duplicate or Invalid Case,Simple,Day,IB,RS,5/5/2026 00:00,,,5/5/2026 00:00,5/5/2026 00:00,RS,5/5/2026 13:54,5/5/2026 12:54,,5/5/2026 13:16,5/5/2026 14:16,5/5/2026 14:16,2026,2,5,19,0.01319,IB,,,9,9,1,1,1,1,1,1,,,,,,,0,0,1,1,2,2,1,0,0,,0,1
2026,2,5,19,5/5/2026 13:52,12554053772,0,Carrier [2] Execution,MEU,Loading Dock Congestion,Complex,Day,IB,RS,5/5/2026 00:00,,,,5/5/2026 00:00,RS,5/5/2026 13:52,5/5/2026 11:52,,5/5/2026 14:04,5/5/2026 16:04,5/5/2026 16:04,2026,2,5,19,0.0368,IB,Other,,14,,3,1,0,1,1,1,,,,,,,0,0,1,,3,3,4,0,0,,1,0
2026,2,5,19,5/5/2026 13:44,12554254542,0,Shipper [2] Execution,UK,Delay to Collection,Complex,Day,IB,RS,,,,,5/5/2026 00:00,RS,5/5/2026 13:44,5/5/2026 12:44,,5/5/2026 12:56,5/5/2026 13:56,5/5/2026 13:56,2026,2,5,19,0.00694,IB,Other,,5,,0,1,1,1,1,1,,,,,,,0,0,1,1,1,2,,0,0,,1,0
2026,2,5,19,5/5/2026 13:42,12554046252,0,Shipper [2] Execution,MEU,No Goods CMR,Complex,Day,OB,RS,,,,,5/5/2026 00:00,RS,5/5/2026 13:42,5/5/2026 11:42,,5/5/2026 12:53,5/5/2026 14:53,5/5/2026 14:53,2026,2,5,19,0.03958,IB,,,,,1,1,1,1,1,1,,,,,,,0,0,,,2,3,,0,,,1,0
2026,2,5,19,5/5/2026 13:41,12554271182,0,,UK,,Complex,Day,IB,RS,5/5/2026 00:00,,,5/5/2026 00:00,5/5/2026 00:00,RS,5/5/2026 13:41,5/5/2026 12:41,,5/5/2026 16:01,5/5/2026 17:01,5/5/2026 17:01,2026,2,5,19,0.07638,IB,,,4,33,4,1,0,1,1,1,,,,,,,0,0,1,1,2,5,2,0,0,,1,0
2026,2,5,19,5/5/2026 13:40,12552982132,0,Internal [2] Execution,UK,No AZNG Trailer Available,Complex,Day,IB,RS,5/5/2026 00:00,1,,5/5/2026 00:00,5/5/2026 00:00,RS,5/5/2026 13:40,5/5/2026 12:40,5/5/2026 14:42,5/5/2026 20:09,5/5/2026 21:09,5/5/2026 21:09,2026,2,5,19,0.22152,IB,,,50,31,8,1,0,0,1,1,,,,,,,1,0,1,1,7,3,2,0,0,,1,0
2026,2,5,19,5/5/2026 13:40,12554035482,0,Shipper [2] Execution,MEU,Delay to Collection,Complex,Day,OB,RS,,,,,5/5/2026 00:00,RS,5/5/2026 13:40,5/5/2026 11:40,,5/5/2026 14:13,5/5/2026 16:13,5/5/2026 16:13,2026,2,5,19,0.10625,IB,,,,,3,1,0,1,1,1,,,,,,,0,0,,,0,1,,1,,,1,0
2026,2,5,19,5/5/2026 13:32,12552901122,0,Shipper [2] Execution,UK,Loading Reference Number Issue,Complex,Day,IB,RS,,,,,5/5/2026 00:00,RS,5/5/2026 13:32,5/5/2026 12:32,,5/5/2026 17:11,5/5/2026 18:11,5/5/2026 18:11,2026,2,5,19,0.19097,IB,Other,,5,,5,1,0,1,1,1,,,,,,,0,0,1,1,1,1,,1,0,,1,0
2026,2,5,19,5/5/2026 13:27,12554194382,0,Carrier [2] Execution,UK,Delay to Collection,Complex,Day,IB,RS,5/5/2026 00:00,,,5/5/2026 00:00,5/5/2026 00:00,RS,5/5/2026 13:27,5/5/2026 12:27,,5/5/2026 12:35,5/5/2026 13:35,5/5/2026 13:35,2026,2,5,19,0.00416,IB,Other,,5,5,0,1,1,1,1,1,,,,,,,0,0,1,1,1,1,1,1,0,,1,0
2026,2,5,19,5/5/2026 13:26,12552683932,0,Shipper [2] Execution,MEU,Loading Dock Congestion,Complex,Day,OB,RS,,,,,5/5/2026 00:00,RS,5/5/2026 13:26,5/5/2026 11:26,,5/5/2026 13:37,5/5/2026 15:37,5/5/2026 15:37,2026,2,5,19,,IB,,,,,2,1,1,1,1,1,,,,,,,0,0,,,0,2,,0,,,1,0
2026,2,5,19,5/5/2026 13:26,12554121882,0,Internal [2] Execution,UK,FC Fulfillment Network,Complex,Day,IB,RS,5/5/2026 00:00,,,,5/5/2026 00:00,RS,5/5/2026 13:26,5/5/2026 12:26,,5/5/2026 20:30,5/5/2026 21:30,5/5/2026 21:30,2026,2,5,19,0.33263,IB,Other,,5,,8,1,0,0,1,1,,,,,,,0,0,1,,1,1,2,1,0,,1,0
2026,2,5,19,5/5/2026 13:24,12554146962,0,Carrier [2] Execution,UK,Unloading Reference Number Issue,Complex,Day,IB,RS,5/5/2026 00:00,,,5/5/2026 00:00,5/5/2026 00:00,RS,5/5/2026 13:24,5/5/2026 12:24,,5/5/2026 12:36,5/5/2026 13:36,5/5/2026 13:36,2026,2,5,19,0.00486,IB,,,11,11,0,1,1,1,1,1,,,,,,,0,0,1,1,1,1,1,1,0,,1,0
2026,2,5,19,5/5/2026 13:22,12552814452,0,,UK,,Complex,Day,IB,RS,5/5/2026 00:00,,,,,RS,5/5/2026 13:22,5/5/2026 12:22,,5/5/2026 14:54,5/5/2026 15:54,5/5/2026 15:54,2026,2,5,19,0.08957,IB,,,,,2,1,1,1,1,1,,,,,,,0,0,,,1,0,1,0,0,,1,0
2026,2,5,19,5/5/2026 13:22,12554060802,0,Carrier [2] Execution,UK,Duplicate or Invalid Case,Simple,Day,IB,RS,,,,,,RS,5/5/2026 13:22,5/5/2026 12:22,,5/5/2026 12:23,5/5/2026 13:23,5/5/2026 13:23,2026,2,5,19,0,IB,,,,,0,1,1,1,1,1,,,,,,,0,0,,,1,0,,0,0,,0,1
2026,2,5,19,5/5/2026 13:13,12554201372,0,Carrier [2] Execution,UK,Unloading Reference Number Issue,Complex,Day,IB,RS,5/5/2026 00:00,,,5/5/2026 00:00,5/5/2026 00:00,RS,5/5/2026 13:13,5/5/2026 12:13,,5/5/2026 20:17,5/5/2026 21:17,5/5/2026 21:17,2026,2,5,19,0.30693,IB,,,19,18,8,1,0,0,1,1,,,,,,,0,0,1,1,2,3,4,0,0,,1,0
2026,2,5,19,5/5/2026 13:10,12554101932,0,Carrier [2] Execution,UK,Unloading Dock Congestion,Complex,Day,IB,RS,5/5/2026 00:00,,,5/5/2026 00:00,5/5/2026 00:00,RS,5/5/2026 13:10,5/5/2026 12:10,,5/5/2026 14:19,5/5/2026 15:19,5/5/2026 15:19,2026,2,5,19,0.08888,IB,,,6,4,2,1,1,1,1,1,,,,,,,0,0,1,1,2,1,2,1,0,,1,0
2026,2,5,19,5/5/2026 13:06,12554038422,0,,UK,,Complex,Day,IB,RS,5/5/2026 00:00,,,5/5/2026 00:00,5/5/2026 00:00,RS,5/5/2026 13:06,5/5/2026 12:06,,5/5/2026 13:32,5/5/2026 14:32,5/5/2026 14:32,2026,2,5,19,0.05347,IB,,,12,13,1,1,1,1,1,1,,,,,,,0,0,1,1,1,2,1,0,0,,1,0
2026,2,5,19,5/5/2026 12:57,12554057862,0,,UK,,Complex,Day,OB,WP,5/5/2026 00:00,1,,5/5/2026 00:00,5/5/2026 00:00,WP,5/5/2026 12:57,5/5/2026 11:57,,,,,,,,,0,IB,,,,,,,0,0,0,0,,,,,0,,0,0,,,9,13,2,,,0,1,0
2026,2,5,19,5/5/2026 12:56,12554069172,0,Internal [2] Execution,UK,FC Fulfillment Network,Complex,Day,IB,RS,5/5/2026 00:00,,,5/5/2026 00:00,5/5/2026 00:00,RS,5/5/2026 12:56,5/5/2026 11:56,,5/5/2026 12:25,5/5/2026 13:25,5/5/2026 13:25,2026,2,5,19,0.00069,IB,Other,,29,22,1,1,1,1,1,1,,,,,,,0,0,1,1,1,1,2,1,0,,1,0
2026,2,5,19,5/5/2026 12:50,12553976362,0,Carrier [2] Execution,MEU,Loading Reference Number Issue,Complex,Day,IB,RS,5/5/2026 00:00,,,5/5/2026 00:00,5/5/2026 00:00,RS,5/5/2026 12:50,5/5/2026 10:50,,5/5/2026 17:11,5/5/2026 19:11,5/5/2026 19:11,2026,2,5,19,0.26319,IB,,,5,42,7,1,0,0,1,1,,,,,,,0,0,1,1,3,2,2,0,0,,1,0
2026,2,5,19,5/5/2026 12:48,12552580922,0,Carrier [2] Execution,MEU,Loading Dock Congestion,Complex,Day,IB,RS,5/5/2026 00:00,,,5/5/2026 00:00,5/5/2026 00:00,RS,5/5/2026 12:48,5/5/2026 10:48,,5/5/2026 11:43,5/5/2026 13:43,5/5/2026 13:43,2026,2,5,19,0.03611,IB,,,5,49,1,1,1,1,1,1,,,,,,,0,0,1,1,3,3,2,0,0,,1,0
2026,2,5,19,5/5/2026 12:44,12552574462,0,Shipper [2] Execution,MEU,Loading Dock Congestion,Complex,Day,OB,RS,,,,,5/5/2026 00:00,RS,5/5/2026 12:44,5/5/2026 10:44,,5/5/2026 13:00,5/5/2026 15:00,5/5/2026 15:00,2026,2,5,19,,IB,,,,,3,1,0,1,1,1,,,,,,,0,0,,,0,1,,1,,,1,0
2026,2,5,19,5/5/2026 12:44,12554111582,0,Shipper [2] Execution,UK,Delay to Collection,Complex,Day,IB,RS,5/5/2026 00:00,,,5/5/2026 00:00,5/5/2026 00:00,RS,5/5/2026 12:44,5/5/2026 11:44,,5/5/2026 14:44,5/5/2026 15:44,5/5/2026 15:44,2026,2,5,19,0.12152,IB,Other,,7,1,3,1,0,1,1,1,,,,,,,0,0,1,1,1,2,1,0,0,,1,0
2026,2,5,19,5/5/2026 12:43,12554131242,0,Shipper [2] Execution,UK,Loading Reference Number Issue,Complex,Day,OB,RS,,,,,5/5/2026 00:00,RS,5/5/2026 12:43,5/5/2026 11:43,,5/5/2026 13:00,5/5/2026 14:00,5/5/2026 14:00,2026,2,5,19,,IB,,,,,2,1,1,1,1,1,,,,,,,0,0,,,1,2,,0,,,1,0
2026,2,5,19,5/5/2026 12:38,12553934292,0,Carrier [2] Execution,UK,Unloading Dock Congestion,Complex,Day,IB,RS,5/5/2026 00:00,,,5/5/2026 00:00,5/5/2026 00:00,RS,5/5/2026 12:38,5/5/2026 11:38,,5/5/2026 17:43,5/5/2026 18:43,5/5/2026 18:43,2026,2,5,19,0.25,IB,,,14,14,6,1,0,1,1,1,,,,,,,0,0,1,1,1,3,1,0,0,,1,0
2026,2,5,19,5/5/2026 12:36,12553784012,0,Shipper [2] Execution,MEU,Delay to Collection,Complex,Day,OB,RS,,,,,5/5/2026 00:00,RS,5/5/2026 12:36,5/5/2026 10:36,,5/5/2026 10:37,5/5/2026 12:37,5/5/2026 12:37,2026,2,5,19,,IB,,,,,0,1,1,1,1,1,,,,,,,0,0,,,0,1,,1,,,1,0
2026,2,5,19,5/5/2026 12:35,12553964362,0,Carrier [2] Execution,UK,No Goods CMR,Complex,Day,IB,RS,5/5/2026 00:00,,,5/5/2026 00:00,5/5/2026 00:00,RS,5/5/2026 12:35,5/5/2026 11:35,,5/5/2026 12:52,5/5/2026 13:52,5/5/2026 13:52,2026,2,5,19,0.05277,IB,,,8,8,1,1,1,1,1,1,,,,,,,0,0,1,1,2,3,1,0,0,,1,0
2026,2,5,19,5/5/2026 12:33,12553780462,1,Carrier [2] Execution,MEU,Delay to Destination,Complex,Day,IB,RS,5/5/2026 00:00,,,5/5/2026 00:00,5/5/2026 00:00,RS,5/5/2026 12:33,5/5/2026 10:33,,5/5/2026 16:06,5/5/2026 18:06,5/5/2026 18:06,2026,2,5,19,0.22916,IB,,,7,94,6,1,0,1,1,1,,,,,,,0,0,1,0,6,3,2,0,0,,1,0
2026,2,5,19,5/5/2026 12:32,12553841052,0,Carrier [2] Execution,MEU,Loading Dock Congestion,Complex,Day,OB,RS,5/5/2026 00:00,,,,5/5/2026 00:00,RS,5/5/2026 12:32,5/5/2026 10:32,,5/5/2026 13:48,5/5/2026 15:48,5/5/2026 15:48,2026,2,5,19,,IB,,,,,3,1,0,1,1,1,,,,,,,0,0,,,4,1,2,1,,,1,0
2026,2,5,19,5/5/2026 12:25,12554051372,0,Shipper [2] Execution,UK,Equipment Issue or Query,Complex,Day,OB,RS,,,,,5/5/2026 00:00,RS,5/5/2026 12:25,5/5/2026 11:25,,5/5/2026 12:41,5/5/2026 13:41,5/5/2026 13:41,2026,2,5,19,,IB,,,,,1,1,1,1,1,1,,,,,,,0,0,,,1,2,,0,,,1,0
2026,2,5,19,5/5/2026 12:24,12553997012,0,Carrier [2] Execution,UK,Unloading Dock Congestion,Complex,Day,IB,RS,5/5/2026 00:00,,,5/5/2026 00:00,5/5/2026 00:00,RS,5/5/2026 12:24,5/5/2026 11:24,,5/5/2026 14:44,5/5/2026 15:44,5/5/2026 15:44,2026,2,5,19,0.1375,IB,,,6,6,3,1,0,1,1,1,,,,,,,0,0,1,1,3,2,1,0,0,,1,0
2026,2,5,19,5/5/2026 12:23,12552565662,0,Shipper [2] Execution,MEU,Delay to Collection,Complex,Day,OB,RS,,,,,5/5/2026 00:00,RS,5/5/2026 12:23,5/5/2026 10:23,,5/5/2026 10:24,5/5/2026 12:24,5/5/2026 12:24,2026,2,5,19,,IB,,,,,0,1,1,1,1,1,,,,,,,0,0,,,0,1,,1,,,1,0
2026,2,5,19,5/5/2026 12:20,12552502812,0,Carrier [2] Execution,MEU,Loading Dock Congestion,Complex,Day,IB,RS,5/5/2026 00:00,,,5/5/2026 00:00,5/5/2026 00:00,RS,5/5/2026 12:20,5/5/2026 10:20,,5/5/2026 19:19,5/5/2026 21:19,5/5/2026 21:19,2026,2,5,19,0.37152,IB,,,9,4,9,1,0,0,1,1,,,,,,,0,0,1,1,4,5,2,0,0,,1,0
2026,2,5,19,5/5/2026 12:20,12553945612,0,Carrier [2] Execution,UK,Loading Dock Congestion,Complex,Day,OB,RS,,,,,5/5/2026 00:00,RS,5/5/2026 12:20,5/5/2026 11:20,,5/5/2026 16:36,5/5/2026 17:36,5/5/2026 17:36,2026,2,5,19,,IB,,,,,5,1,0,1,1,1,,,,,,,0,0,,,0,1,,1,,,1,0
2026,2,5,19,5/5/2026 12:20,12553975802,0,Carrier [2] Execution,UK,Unloading Dock Congestion,Complex,Day,IB,RS,5/5/2026 00:00,1,,5/5/2026 00:00,5/5/2026 00:00,RS,5/5/2026 12:20,5/5/2026 11:20,5/5/2026 15:08,5/5/2026 16:58,5/5/2026 17:58,5/5/2026 17:58,2026,2,5,19,0.06041,IB,,,15,9,5,1,0,1,1,1,,,,,,,1,0,1,1,6,5,2,0,0,,1,0
2026,2,5,19,5/5/2026 12:17,12552525852,0,Carrier [2] Execution,MEU,No Goods CMR,Complex,Day,IB,RS,5/5/2026 00:00,1,,5/5/2026 00:00,5/5/2026 00:00,RS,5/5/2026 12:17,5/5/2026 10:17,,5/5/2026 11:21,5/5/2026 13:21,5/5/2026 13:21,2026,2,5,19,0.04375,IB,,,2,1,1,1,1,1,1,1,,,,,,,0,0,1,1,5,6,2,0,0,,1,0
2026,2,5,19,5/5/2026 12:17,12553705602,0,Shipper [2] Execution,MEU,Delay to Collection,Complex,Day,OB,RS,,,,,5/5/2026 00:00,RS,5/5/2026 12:17,5/5/2026 10:17,5/5/2026 11:33,5/5/2026 17:09,5/5/2026 19:09,5/5/2026 19:09,2026,2,5,19,0.22916,IB,,,,,7,1,0,0,1,1,,,,,,,1,0,,,1,3,,0,,,1,0
2026,2,5,19,5/5/2026 12:16,12553882052,0,Carrier [2] Execution,UK,Loading Dock Congestion,Complex,Day,IB,RS,5/5/2026 00:00,,,5/5/2026 00:00,5/5/2026 00:00,RS,5/5/2026 12:16,5/5/2026 11:16,,5/5/2026 13:28,5/5/2026 14:28,5/5/2026 14:28,2026,2,5,19,0.09027,IB,,,6,6,2,1,1,1,1,1,,,,,,,0,0,1,1,1,3,1,0,0,,1,0
2026,2,5,19,5/5/2026 12:14,12553687692,0,Carrier [2] Execution,MEU,Loading Dock Congestion,Complex,Day,OB,RS,,,,,5/5/2026 00:00,RS,5/5/2026 12:14,5/5/2026 10:14,,5/5/2026 16:25,5/5/2026 18:25,5/5/2026 18:25,2026,2,5,19,,IB,,,,,6,1,0,1,1,1,,,,,,,0,0,,,2,5,,0,,,1,0
2026,2,5,19,5/5/2026 12:09,12552731852,0,,UK,,Complex,Day,IB,PM,5/5/2026 00:00,,,5/5/2026 00:00,5/5/2026 00:00,PM,5/5/2026 12:09,5/5/2026 11:09,,,,,,,,,0.00901,IB,,,32,12,,,0,0,0,0,,,,,0,,0,0,1,1,1,2,3,,0,0,1,0
2026,2,5,19,5/5/2026 12:09,12552732252,0,Carrier [2] Execution,UK,Loading Dock Congestion,Complex,Day,IB,RS,5/5/2026 00:00,,,5/5/2026 00:00,5/5/2026 00:00,RS,5/5/2026 12:09,5/5/2026 11:09,,5/6/2026 02:17,5/6/2026 03:17,5/5/2026 03:17,2026,2,5,19,0.62916,IB,,,10,1,15,1,0,0,0,1,,,,,,,0,0,1,1,2,3,2,0,0,,1,0
2026,2,5,19,5/5/2026 12:04,12553942162,0,Carrier [2] Execution,UK,Loading Reference Number Issue,Complex,Day,IB,RS,5/5/2026 00:00,,,5/5/2026 00:00,5/5/2026 00:00,RS,5/5/2026 12:04,5/5/2026 11:04,,5/5/2026 12:42,5/5/2026 13:42,5/5/2026 13:42,2026,2,5,19,0.06666,IB,,,4,17,1,1,1,1,1,1,,,,,,,0,0,1,1,4,2,2,0,0,,1,0
2026,2,5,19,5/5/2026 12:02,12553719452,0,Carrier [2] Execution,MEU,Loading Dock Congestion,Complex,Day,OB,RS,,,,,5/5/2026 00:00,RS,5/5/2026 12:02,5/5/2026 10:02,,5/5/2026 10:28,5/5/2026 12:28,5/5/2026 12:28,2026,2,5,19,,IB,,,,,0,1,1,1,1,1,,,,,,,0,0,,,0,1,,1,,,1,0
2026,2,5,19,5/5/2026 12:01,12553660632,0,Carrier [2] Execution,MEU,Delay to Collection,Complex,Day,IB,RS,5/5/2026 00:00,1,,5/5/2026 00:00,5/5/2026 00:00,RS,5/5/2026 12:01,5/5/2026 10:01,,5/5/2026 16:31,5/5/2026 18:31,5/5/2026 18:31,2026,2,5,19,0.26875,IB,,,13,1,6,1,0,1,1,1,,,,,,,0,0,1,1,9,5,2,0,0,,1,0
2026,2,5,19,5/5/2026 11:59,12553867002,0,,UK,,Complex,Day,IB,RS,5/5/2026 00:00,,,5/5/2026 00:00,5/5/2026 00:00,RS,5/5/2026 11:59,5/5/2026 10:59,,5/5/2026 17:45,5/5/2026 18:45,5/5/2026 18:45,2026,2,5,19,0.00486,IB,Other,,10,2,7,1,0,0,1,1,,,,,,,0,0,1,1,4,4,5,0,0,,1,0
2026,2,5,19,5/5/2026 11:58,12553806532,0,Carrier [2] Execution,MEU,Loading Dock Congestion,Complex,Day,IB,RS,5/5/2026 00:00,,,5/5/2026 00:00,5/5/2026 00:00,RS,5/5/2026 11:58,5/5/2026 09:58,,5/5/2026 10:28,5/5/2026 12:28,5/5/2026 12:28,2026,2,5,19,0.02082,IB,,,4,3,1,1,1,1,1,1,,,,,,,0,0,1,1,1,1,2,1,0,,1,0
2026,2,5,19,5/5/2026 11:50,12553891172,0,Shipper [2] Execution,UK,Delay to Collection,Complex,Day,OB,RS,,,,,5/5/2026 00:00,RS,5/5/2026 11:50,5/5/2026 10:50,,5/5/2026 10:51,5/5/2026 11:51,5/5/2026 11:51,2026,2,5,19,,IB,,,,,0,1,1,1,1,1,,,,,,,0,0,,,0,1,,1,,,1,0
2026,2,5,19,5/5/2026 11:47,12553615642,0,Shipper [2] Execution,MEU,Order Cancellation,Simple,Day,OB,RS,,,,,5/5/2026 00:00,RS,5/5/2026 11:47,5/5/2026 09:47,,5/5/2026 10:27,5/5/2026 12:27,5/5/2026 12:27,2026,2,5,19,,IB,,,,,1,1,1,1,1,1,,,,,,,0,0,,,0,2,,0,,,0,1
2026,2,5,19,5/5/2026 11:45,12553741802,0,Shipper [2] Execution,MEU,System Issue R4S,Simple,Day,IB,RS,,,,,5/5/2026 00:00,RS,5/5/2026 11:45,5/5/2026 09:45,,5/5/2026 11:41,5/5/2026 13:41,5/5/2026 13:41,2026,2,5,19,0.00277,IB,,,6,,2,1,1,1,1,1,,,,,,,0,0,1,1,1,2,,0,0,,0,1
2026,2,5,19,5/5/2026 11:43,12553928162,0,Shipper [2] Execution,UK,Delay to Collection,Complex,Day,OB,RS,,,,,5/5/2026 00:00,RS,5/5/2026 11:43,5/5/2026 10:43,,5/5/2026 10:44,5/5/2026 11:44,5/5/2026 11:44,2026,2,5,19,,IB,,,,,0,1,1,1,1,1,,,,,,,0,0,,,0,1,,1,,,1,0
2026,2,5,19,5/5/2026 11:42,12553928082,0,,UK,,Complex,Day,IB,RS,5/5/2026 00:00,1,,5/5/2026 00:00,5/5/2026 00:00,RS,5/5/2026 11:42,5/5/2026 10:42,,5/5/2026 17:38,5/5/2026 18:38,5/5/2026 18:38,2026,2,5,19,0.08958,IB,,,5,0,7,1,0,0,1,1,,,,,,,0,0,1,1,8,9,2,0,0,,1,0
2026,2,5,19,5/5/2026 11:41,12553585392,0,Shipper [2] Execution,MEU,Order Cancellation,Simple,Day,IB,RS,5/5/2026 00:00,,,5/5/2026 00:00,5/5/2026 00:00,RS,5/5/2026 11:41,5/5/2026 09:41,5/5/2026 10:43,5/5/2026 16:27,5/5/2026 18:27,5/5/2026 18:27,2026,2,5,19,0.03054,IB,,,5,1,7,1,0,0,1,1,,,,,,,1,0,1,1,7,2,2,0,0,,0,1
2026,2,5,19,5/5/2026 11:41,12553795642,0,,UK,,Complex,Day,OB,RS,5/5/2026 00:00,,,,5/5/2026 00:00,RS,5/5/2026 11:41,5/5/2026 10:41,,5/5/2026 11:28,5/5/2026 12:28,5/5/2026 12:28,2026,2,5,19,,IB,,,,,1,1,1,1,1,1,,,,,,,0,0,,,1,1,1,1,,,1,0
2026,2,5,19,5/5/2026 11:39,12553699992,0,Carrier [2] Execution,MEU,Loading Dock Congestion,Complex,Day,OB,RS,,,,,5/5/2026 00:00,RS,5/5/2026 11:39,5/5/2026 09:39,,5/5/2026 10:05,5/5/2026 12:05,5/5/2026 12:05,2026,2,5,19,,IB,,,,,1,1,1,1,1,1,,,,,,,0,0,,,0,2,,0,,,1,0
2026,2,5,19,5/5/2026 11:36,12553542762,0,Shipper [2] Execution,MEU,Loading Dock Congestion,Complex,Day,OB,RS,,1,,,5/5/2026 00:00,RS,5/5/2026 11:36,5/5/2026 09:36,,5/5/2026 15:36,5/5/2026 17:36,5/5/2026 17:36,2026,2,5,19,0.25,IB,,,,,6,1,0,1,1,1,,,,,,,0,0,,,5,5,,0,,,1,0
2026,2,5,19,5/5/2026 11:36,12553940072,0,Carrier [2] Execution,UK,Delay to Collection,Complex,Day,IB,RS,5/5/2026 00:00,,,5/5/2026 00:00,5/5/2026 00:00,RS,5/5/2026 11:36,5/5/2026 10:36,,5/5/2026 10:51,5/5/2026 11:51,5/5/2026 11:51,2026,2,5,19,0.00833,IB,Other,,11,11,0,1,1,1,1,1,,,,,,,0,0,1,1,1,1,1,1,0,,1,0
2026,2,5,19,5/5/2026 11:33,12552558342,0,Shipper [2] Execution,UK,Loading Dock Congestion,Complex,Day,OB,RS,,,,,5/5/2026 00:00,RS,5/5/2026 11:33,5/5/2026 10:33,,5/5/2026 12:01,5/5/2026 13:01,5/5/2026 13:01,2026,2,5,19,0.05208,IB,,,,,2,1,1,1,1,1,,,,,,,0,0,,,1,2,,0,,,1,0
2026,2,5,19,5/5/2026 11:33,12553874572,0,Carrier [2] Execution,UK,Delay to Collection,Complex,Day,IB,RS,5/5/2026 00:00,,,5/5/2026 00:00,5/5/2026 00:00,RS,5/5/2026 11:33,5/5/2026 10:33,,5/5/2026 10:45,5/5/2026 11:45,5/5/2026 11:45,2026,2,5,19,0.00416,IB,Other,,9,9,0,1,1,1,1,1,,,,,,,0,0,1,1,1,1,1,1,0,,1,0
2026,2,5,19,5/5/2026 11:32,12553562532,0,Carrier [2] Execution,MEU,Loading Dock Congestion,Complex,Day,IB,RS,5/5/2026 00:00,,,5/5/2026 00:00,5/5/2026 00:00,RS,5/5/2026 11:32,5/5/2026 09:32,,5/5/2026 10:05,5/5/2026 12:05,5/5/2026 12:05,2026,2,5,19,0.02082,IB,,,8,3,1,1,1,1,1,1,,,,,,,0,0,1,1,1,1,2,1,0,,1,0
2026,2,5,19,5/5/2026 11:30,12553739212,0,Carrier [2] Execution,UK,Delay to Collection,Complex,Day,IB,RS,5/5/2026 00:00,,,5/5/2026 00:00,5/5/2026 00:00,RS,5/5/2026 11:30,5/5/2026 10:30,,5/5/2026 10:36,5/5/2026 11:36,5/5/2026 11:36,2026,2,5,19,0.00347,IB,Other,,6,6,0,1,1,1,1,1,,,,,,,0,0,1,1,1,1,1,1,0,,1,0
2026,2,5,19,5/5/2026 11:29,12553587332,0,Carrier [2] Execution,MEU,Loading Dock Congestion,Complex,Day,IB,RS,5/5/2026 00:00,,,5/5/2026 00:00,5/5/2026 00:00,RS,5/5/2026 11:29,5/5/2026 09:29,,5/5/2026 15:36,5/5/2026 17:36,5/5/2026 17:36,2026,2,5,19,0.25347,IB,,,4,1,6,1,0,1,1,1,,,,,,,0,0,1,1,2,5,2,0,0,,1,0
2026,2,5,19,5/5/2026 11:29,12553794212,0,Carrier [2] Execution,UK,System Issue R4C R4D,Complex,Day,IB,RS,5/5/2026 00:00,,,5/5/2026 00:00,5/5/2026 00:00,RS,5/5/2026 11:29,5/5/2026 10:29,,5/5/2026 10:39,5/5/2026 11:39,5/5/2026 11:39,2026,2,5,19,0.00555,IB,,,9,9,0,1,1,1,1,1,,,,,,,0,0,1,1,2,1,1,1,0,,1,0
2026,2,5,19,5/5/2026 11:28,12553865652,0,,UK,,Complex,Day,OB,WP,5/5/2026 00:00,,,,5/5/2026 00:00,WP,5/5/2026 11:28,5/5/2026 10:28,,,,,,,,,0,IB,,,,,,,0,0,0,0,,,,,0,,0,0,,,1,4,1,,,0,1,0
2026,2,5,19,5/5/2026 11:26,12552274822,0,Carrier [2] Execution,MEU,Unloading Dock Congestion,Complex,Day,IB,RS,5/5/2026 00:00,1,,5/5/2026 00:00,5/5/2026 00:00,RS,5/5/2026 11:26,5/5/2026 09:26,,5/5/2026 15:35,5/5/2026 17:35,5/5/2026 17:35,2026,2,5,19,0.25555,IB,,,3,1,6,1,0,1,1,1,,,,,,,0,0,1,1,5,5,2,0,0,,1,0
2026,2,5,19,5/5/2026 11:24,12553749002,0,Shipper [2] Execution,UK,Order Cancellation,Simple,Day,OB,RS,,,,,5/5/2026 00:00,RS,5/5/2026 11:24,5/5/2026 10:24,,5/5/2026 11:20,5/5/2026 12:20,5/5/2026 12:20,2026,2,5,19,,IB,,,,,1,1,1,1,1,1,,,,,,,0,0,,,0,2,,0,,,0,1
2026,2,5,19,5/5/2026 11:24,12553862622,0,Carrier [2] Execution,UK,System Issue R4C R4D,Complex,Day,IB,RS,5/5/2026 00:00,1,,5/5/2026 00:00,5/5/2026 00:00,RS,5/5/2026 11:24,5/5/2026 10:24,,5/5/2026 13:26,5/5/2026 14:26,5/5/2026 14:26,2026,2,5,19,0.1243,IB,,,5,5,3,1,0,1,1,1,,,,,,,0,0,1,1,8,2,1,0,0,,1,0
2026,2,5,19,5/5/2026 11:21,12553700532,0,,UK,,Complex,Day,OB,RS,5/5/2026 00:00,,,,5/5/2026 00:00,RS,5/5/2026 11:21,5/5/2026 10:21,,5/5/2026 11:28,5/5/2026 12:28,5/5/2026 12:28,2026,2,5,19,,IB,,,,,1,1,1,1,1,1,,,,,,,0,0,,,1,1,1,1,,,1,0
2026,2,5,19,5/5/2026 11:19,12553551462,0,Shipper [2] Execution,MEU,Loading Dock Congestion,Complex,Day,OB,RS,,,,,5/5/2026 00:00,RS,5/5/2026 11:19,5/5/2026 09:19,,5/5/2026 11:34,5/5/2026 13:34,5/5/2026 13:34,2026,2,5,19,0.09375,IB,,,,,2,1,1,1,1,1,,,,,,,0,0,,,0,2,,0,,,1,0
2026,2,5,19,5/5/2026 11:18,12553714692,1,Carrier [2] Execution,UK,Seal Request,Simple,Day,IB,RS,5/5/2026 00:00,,,5/5/2026 00:00,5/5/2026 00:00,RS,5/5/2026 11:18,5/5/2026 10:18,,5/5/2026 17:56,5/5/2026 18:56,5/5/2026 18:56,2026,2,5,19,0.00208,IB,,,458,33,7,1,0,0,1,1,,,,,,,0,0,0,1,2,1,2,1,0,,0,1
2026,2,5,19,5/5/2026 11:16,12553687652,0,Carrier [2] Execution,UK,Loading Dock Congestion,Complex,Day,IB,RS,5/5/2026 00:00,1,,5/5/2026 00:00,5/5/2026 00:00,RS,5/5/2026 11:16,5/5/2026 10:16,5/5/2026 16:23,5/5/2026 16:50,5/5/2026 17:50,5/5/2026 17:50,2026,2,5,19,0.13055,IB,,,10,12,6,1,0,1,1,1,,,,,,,1,0,1,1,6,5,2,0,0,,1,0
2026,2,5,19,5/5/2026 11:13,12553544852,0,Carrier [2] Execution,MEU,Unloading Dock Congestion,Complex,Day,IB,RS,5/5/2026 00:00,,,5/5/2026 00:00,5/5/2026 00:00,RS,5/5/2026 11:13,5/5/2026 09:13,,5/5/2026 11:37,5/5/2026 13:37,5/5/2026 13:37,2026,2,5,19,0.0993,IB,,,3,1,2,1,1,1,1,1,,,,,,,0,0,1,1,2,3,2,0,0,,1,0
2026,2,5,19,5/5/2026 11:02,12552184512,0,Carrier [2] Execution,MEU,Loading Dock Congestion,Complex,Day,IB,RS,5/5/2026 00:00,1,,5/5/2026 00:00,5/5/2026 00:00,RS,5/5/2026 11:02,5/5/2026 09:02,,5/5/2026 13:47,5/5/2026 15:47,5/5/2026 15:47,2026,2,5,19,0.01041,IB,,,16,8,4,1,0,1,1,1,,,,,,,0,0,1,1,37,10,2,0,0,,1,0
2026,2,5,19,5/5/2026 11:01,12553479072,0,Carrier [2] Execution,MEU,Delay to Collection,Complex,Day,IB,RS,5/5/2026 00:00,1,,5/5/2026 00:00,5/5/2026 00:00,RS,5/5/2026 11:01,5/5/2026 09:01,,5/5/2026 14:29,5/5/2026 16:29,5/5/2026 16:29,2026,2,5,19,0.21458,IB,Other,,47,1,5,1,0,1,1,1,,,,,,,0,0,1,1,7,5,2,0,0,,1,0
2026,2,5,19,5/5/2026 11:01,12553833092,0,Carrier [2] Execution,UK,Delay to Collection,Complex,Day,IB,RS,5/5/2026 00:00,,,5/5/2026 00:00,5/5/2026 00:00,RS,5/5/2026 11:01,5/5/2026 10:01,,5/5/2026 10:23,5/5/2026 11:23,5/5/2026 11:23,2026,2,5,19,0.00625,IB,Other,,21,21,0,1,1,1,1,1,,,,,,,0,0,1,1,1,1,1,1,0,,1,0
2026,2,5,19,5/5/2026 10:57,12553517612,0,Carrier [2] Execution,MEU,Unloading Dock Congestion,Complex,Day,IB,RS,5/5/2026 00:00,,,5/5/2026 00:00,5/5/2026 00:00,RS,5/5/2026 10:57,5/5/2026 08:57,,5/5/2026 12:57,5/5/2026 14:57,5/5/2026 14:57,2026,2,5,19,0.16457,IB,,,13,10,4,1,0,1,1,1,,,,,,,0,0,1,1,1,1,2,1,0,,1,0
2026,2,5,19,5/5/2026 10:56,12553628082,0,Carrier [2] Execution,UK,Delay to Collection,Complex,Day,IB,RS,5/5/2026 00:00,,,5/5/2026 00:00,5/5/2026 00:00,RS,5/5/2026 10:56,5/5/2026 09:56,,5/5/2026 10:17,5/5/2026 11:17,5/5/2026 11:17,2026,2,5,19,0.00208,IB,Other,,20,20,1,1,1,1,1,1,,,,,,,0,0,1,1,1,1,1,1,0,,1,0
2026,2,5,19,5/5/2026 10:56,12553693772,0,Shipper [2] Execution,UK,Unloading Dock Congestion,Complex,Day,OB,RS,,,,,5/5/2026 00:00,RS,5/5/2026 10:56,5/5/2026 09:56,,5/5/2026 15:36,5/5/2026 16:36,5/5/2026 16:36,2026,2,5,19,0.23611,IB,,,,,6,1,0,1,1,1,,,,,,,0,0,,,0,1,,1,,,1,0
2026,2,5,19,5/5/2026 10:50,12553788652,0,Shipper [2] Execution,UK,Reschedule No Coverage,Simple,Day,OB,RS,5/5/2026 00:00,,,,5/5/2026 00:00,RS,5/5/2026 10:50,5/5/2026 09:50,,5/5/2026 10:02,5/5/2026 11:02,5/5/2026 11:02,2026,2,5,19,0.00069,IB,,,,,1,1,1,1,1,1,,,,,,,0,0,,,0,1,2,1,,,0,1
2026,2,5,19,5/5/2026 10:48,12553430692,0,Carrier [2] Execution,MEU,System Issue R4C R4D,Complex,Day,IB,RS,5/5/2026 00:00,,,5/5/2026 00:00,5/5/2026 00:00,RS,5/5/2026 10:48,5/5/2026 08:48,,5/5/2026 09:44,5/5/2026 11:44,5/5/2026 11:44,2026,2,5,19,0.0375,IB,,,5,2,1,1,1,1,1,1,,,,,,,0,0,1,1,2,1,2,1,0,,1,0
2026,2,5,19,5/5/2026 10:43,12553760352,0,Internal [3] Post-execution,UK,ROC Inbound Network,Complex,Day,IB,RS,,,,,5/5/2026 00:00,RS,5/5/2026 10:43,5/5/2026 09:43,,5/5/2026 09:55,5/5/2026 10:55,5/5/2026 10:55,2026,2,5,19,0.00694,IB,,,7,,0,1,1,1,1,1,,,,,,,0,0,1,1,1,1,,1,0,,1,0
2026,2,5,19,5/5/2026 10:42,12552469672,0,Shipper [2] Execution,UK,Reschedule No Coverage,Simple,Day,OB,RS,,,,,5/5/2026 00:00,RS,5/5/2026 10:42,5/5/2026 09:42,,5/5/2026 10:59,5/5/2026 11:59,5/5/2026 11:59,2026,2,5,19,0.05347,IB,,,,,1,1,1,1,1,1,,,,,,,0,0,,,0,1,,1,,,0,1
2026,2,5,19,5/5/2026 10:39,12553361222,0,Shipper [2] Execution,MEU,Loading Dock Congestion,Complex,Day,IB,RS,,,,,5/5/2026 00:00,RS,5/5/2026 10:39,5/5/2026 08:39,,5/5/2026 11:43,5/5/2026 13:43,5/5/2026 13:43,2026,2,5,19,0.125,IB,Other,,15,,3,1,0,1,1,1,,,,,,,0,0,1,1,1,1,,1,0,,1,0
2026,2,5,19,5/5/2026 10:36,12553606442,0,Carrier [2] Execution,UK,Delay to Collection,Complex,Day,IB,RS,5/5/2026 00:00,,,5/5/2026 00:00,5/5/2026 00:00,RS,5/5/2026 10:36,5/5/2026 09:36,,5/5/2026 11:59,5/5/2026 12:59,5/5/2026 12:59,2026,2,5,19,0.0868,IB,Other,,20,1,2,1,1,1,1,1,,,,,,,0,0,1,1,1,1,2,1,0,,1,0
2026,2,5,19,5/5/2026 10:35,12552107112,0,Shipper [2] Execution,MEU,Reschedule No Coverage,Simple,Day,OB,RS,,,,,5/5/2026 00:00,RS,5/5/2026 10:35,5/5/2026 08:35,,5/5/2026 10:09,5/5/2026 12:09,5/5/2026 12:09,2026,2,5,19,0.06527,IB,,,,,2,1,1,1,1,1,,,,,,,0,0,,,0,1,,1,,,0,1
2026,2,5,19,5/5/2026 10:35,12553615382,0,Shipper [2] Execution,UK,Reschedule No Coverage,Simple,Day,IB,RS,5/5/2026 00:00,,,,5/5/2026 00:00,RS,5/5/2026 10:35,5/5/2026 09:35,,5/5/2026 10:36,5/5/2026 11:36,5/5/2026 11:36,2026,2,5,19,0.00277,IB,Other,,12,,1,1,1,1,1,1,,,,,,,0,0,1,,1,1,1,1,0,,0,1
2026,2,5,19,5/5/2026 10:24,12553548202,0,Shipper [2] Execution,UK,Order Cancellation,Simple,Day,IB,RS,,,,,5/5/2026 00:00,RS,5/5/2026 10:24,5/5/2026 09:24,,5/5/2026 11:22,5/5/2026 12:22,5/5/2026 12:22,2026,2,5,19,0.00277,IB,,,5,,2,1,1,1,1,1,,,,,,,0,0,1,1,1,3,,0,0,,0,1
2026,2,5,19,5/5/2026 10:20,12553395952,0,Carrier [2] Execution,MEU,Loading Dock Congestion,Complex,Day,IB,RS,5/5/2026 00:00,1,,5/5/2026 00:00,5/5/2026 00:00,RS,5/5/2026 10:20,5/5/2026 08:20,,5/5/2026 14:12,5/5/2026 16:12,5/5/2026 16:12,2026,2,5,19,0.24305,IB,,,7,1,6,1,0,1,1,1,,,,,,,0,0,1,1,8,7,2,0,0,,1,0
2026,2,5,19,5/5/2026 10:16,12552107302,0,Carrier [2] Execution,MEU,Unloading Dock Congestion,Complex,Day,IB,RS,5/5/2026 00:00,1,,5/5/2026 00:00,5/5/2026 00:00,RS,5/5/2026 10:16,5/5/2026 08:16,,5/5/2026 14:56,5/5/2026 16:56,5/5/2026 16:56,2026,2,5,19,0.26875,IB,,,18,26,6,1,0,1,1,1,,,,,,,0,0,1,1,8,10,2,0,0,,1,0
2026,2,5,19,5/5/2026 10:13,12553292122,0,Carrier [2] Execution,MEU,Delay to Collection,Complex,Day,IB,RS,5/5/2026 00:00,,,5/5/2026 00:00,5/5/2026 00:00,RS,5/5/2026 10:13,5/5/2026 08:13,,5/5/2026 10:10,5/5/2026 12:10,5/5/2026 12:10,2026,2,5,19,0.07986,IB,Other,,25,0,2,1,1,1,1,1,,,,,,,0,0,1,1,1,1,2,1,0,,1,0
2026,2,5,19,5/5/2026 10:09,12553441582,0,Internal [2] Execution,MEU,Account Manager,Complex,Day,IB,RS,,,,,,RS,5/5/2026 10:09,5/5/2026 08:09,,5/5/2026 09:21,5/5/2026 11:21,5/5/2026 11:21,2026,2,5,19,0.00069,IB,,,,,1,1,1,1,1,1,,,,,,,0,0,,,1,0,,0,0,,1,0
2026,2,5,19,5/5/2026 10:04,12553459072,0,Carrier [2] Execution,UK,Location Confirmation,Simple,Day,IB,RS,5/5/2026 00:00,,,5/5/2026 00:00,5/5/2026 00:00,RS,5/5/2026 10:04,5/5/2026 09:04,,5/5/2026 09:31,5/5/2026 10:31,5/5/2026 10:31,2026,2,5,19,0.01111,IB,,,13,13,0,1,1,1,1,1,,,,,,,0,0,1,1,2,2,1,0,0,,0,1
2026,2,5,19,5/5/2026 10:02,12552315712,0,Carrier [2] Execution,UK,Loading Dock Congestion,Complex,Day,OB,RS,,,,,5/5/2026 00:00,RS,5/5/2026 10:02,5/5/2026 09:02,,5/5/2026 11:43,5/5/2026 12:43,5/5/2026 12:43,2026,2,5,19,0.1118,IB,,,,,2,1,1,1,1,1,,,,,,,0,0,,,0,1,,1,,,1,0
2026,2,5,19,5/5/2026 10:02,12553210742,0,Carrier [2] Execution,MEU,Unloading Dock Congestion,Complex,Day,IB,RS,5/5/2026 00:00,,,5/5/2026 00:00,5/5/2026 00:00,RS,5/5/2026 10:02,5/5/2026 08:02,,5/5/2026 09:42,5/5/2026 11:42,5/5/2026 11:42,2026,2,5,19,0.06875,IB,,,2,1,1,1,1,1,1,1,,,,,,,0,0,1,1,1,1,2,1,0,,1,0
2026,2,5,19,5/5/2026 10:02,12553524802,0,,UK,,Complex,Day,IB,WP,,,,,5/5/2026 00:00,WP,5/5/2026 10:02,5/5/2026 09:02,,,,,,,,,0,IB,,,5,,,,0,0,0,0,,,,,0,,0,0,1,1,2,2,,,0,0,1,0
2026,2,5,19,5/5/2026 10:01,12552177812,0,Carrier [2] Execution,UK,Loading Dock Congestion,Complex,Day,IB,RS,5/5/2026 00:00,,,5/5/2026 00:00,5/5/2026 00:00,RS,5/5/2026 10:01,5/5/2026 09:01,,5/5/2026 11:42,5/5/2026 12:42,5/5/2026 12:42,2026,2,5,19,0.11041,IB,,,16,3,2,1,1,1,1,1,,,,,,,0,0,1,1,1,1,2,1,0,,1,0
2026,2,5,19,5/5/2026 10:01,12552388012,0,Shipper [2] Execution,UK,Reschedule No Coverage,Simple,Day,OB,RS,,,,,5/5/2026 00:00,RS,5/5/2026 10:01,5/5/2026 09:01,,5/5/2026 10:14,5/5/2026 11:14,5/5/2026 11:14,2026,2,5,19,0.05069,IB,,,,,1,1,1,1,1,1,,,,,,,0,0,,,0,1,,1,,,0,1
2026,2,5,19,5/5/2026 10:01,12553390502,0,Carrier [2] Execution,MEU,Timestamp Request,Complex,Day,IB,RS,5/5/2026 00:00,,,5/5/2026 00:00,5/5/2026 00:00,RS,5/5/2026 10:01,5/5/2026 08:01,,5/5/2026 08:55,5/5/2026 10:55,5/5/2026 10:55,2026,2,5,19,0.0368,IB,,,2,1,0,1,1,1,1,1,,,,,,,0,0,1,1,2,2,2,0,0,,1,0
2026,2,5,19,5/5/2026 09:58,12551984132,0,Carrier [2] Execution,MEU,Loading Dock Congestion,Complex,Day,IB,RS,5/5/2026 00:00,,,5/5/2026 00:00,5/5/2026 00:00,RS,5/5/2026 09:58,5/5/2026 07:58,,5/5/2026 11:41,5/5/2026 13:41,5/5/2026 13:41,2026,2,5,19,0.15277,IB,,,11,3,4,1,0,1,1,1,,,,,,,0,0,1,1,1,2,2,0,0,,1,0
2026,2,5,19,5/5/2026 09:58,12552131172,0,Shipper [2] Execution,UK,Delay to Collection,Complex,Day,IB,RS,5/5/2026 00:00,,,5/5/2026 00:00,5/5/2026 00:00,RS,5/5/2026 09:58,5/5/2026 08:58,,5/5/2026 12:00,5/5/2026 13:00,5/5/2026 13:00,2026,2,5,19,0.12361,IB,Other,,8,4,4,1,0,1,1,1,,,,,,,0,0,1,1,2,2,1,0,0,,1,0
2026,2,5,19,5/5/2026 09:56,12553298612,0,Carrier [2] Execution,MEU,Loading Dock Congestion,Complex,Day,OB,RS,,,,,5/5/2026 00:00,RS,5/5/2026 09:56,5/5/2026 07:56,,5/5/2026 09:42,5/5/2026 11:42,5/5/2026 11:42,2026,2,5,19,,IB,,,,,2,1,1,1,1,1,,,,,,,0,0,,,0,1,,1,,,1,0
2026,2,5,19,5/5/2026 09:54,12553504352,0,Shipper [2] Execution,UK,Reschedule No Coverage,Simple,Day,OB,RS,,,,,5/5/2026 00:00,RS,5/5/2026 09:54,5/5/2026 08:54,,5/5/2026 09:35,5/5/2026 10:35,5/5/2026 10:35,2026,2,5,19,,IB,,,,,1,1,1,1,1,1,,,,,,,0,0,,,0,1,,1,,,0,1
2026,2,5,19,5/5/2026 09:52,12552058202,0,Carrier [2] Execution,MEU,Loading Dock Congestion,Complex,Day,IB,RS,5/5/2026 00:00,,,5/5/2026 00:00,5/5/2026 00:00,RS,5/5/2026 09:52,5/5/2026 07:52,,5/5/2026 09:42,5/5/2026 11:42,5/5/2026 11:42,2026,2,5,19,0.07569,IB,,,4,2,2,1,1,1,1,1,,,,,,,0,0,1,1,1,1,2,1,0,,1,0
2026,2,5,19,5/5/2026 09:51,12552332502,0,Carrier [2] Execution,UK,VRID or Tour Cancellation,Complex,Day,IB,RS,5/5/2026 00:00,,,5/5/2026 00:00,5/5/2026 00:00,RS,5/5/2026 09:51,5/5/2026 08:51,,5/5/2026 10:43,5/5/2026 11:43,5/5/2026 11:43,2026,2,5,19,0.0618,IB,Other,,23,23,2,1,1,1,1,1,,,,,,,0,0,1,1,1,2,1,0,0,,1,0
2026,2,5,19,5/5/2026 09:51,12553443452,0,Carrier [2] Execution,UK,Delay to Collection,Complex,Day,IB,RS,5/5/2026 00:00,,,5/5/2026 00:00,5/5/2026 00:00,RS,5/5/2026 09:51,5/5/2026 08:51,,5/5/2026 09:51,5/5/2026 10:51,5/5/2026 10:51,2026,2,5,19,0.03819,IB,Other,,8,3,1,1,1,1,1,1,,,,,,,0,0,1,1,1,1,2,1,0,,1,0
2026,2,5,19,5/5/2026 09:46,12552260292,0,Carrier [2] Execution,UK,Delay to Destination,Complex,Day,IB,RS,5/5/2026 00:00,,,5/5/2026 00:00,5/5/2026 00:00,RS,5/5/2026 09:46,5/5/2026 08:46,,5/5/2026 10:24,5/5/2026 11:24,5/5/2026 11:24,2026,2,5,19,0.06666,IB,,,4,4,2,1,1,1,1,1,,,,,,,0,0,1,1,1,2,1,0,0,,1,0
2026,2,5,19,5/5/2026 09:44,12553408812,0,Shipper [2] Execution,UK,Unloading Dock Congestion,Complex,Day,IB,RS,,,,,5/5/2026 00:00,RS,5/5/2026 09:44,5/5/2026 08:44,,5/5/2026 10:01,5/5/2026 11:01,5/5/2026 11:01,2026,2,5,19,0.04305,IB,,,17,,2,1,1,1,1,1,,,,,,,0,0,1,1,1,1,,1,0,,1,0
2026,2,5,19,5/5/2026 09:42,12553297322,0,Shipper [2] Execution,UK,Loading Dock Congestion,Complex,Day,IB,RS,5/5/2026 00:00,,,5/5/2026 00:00,5/5/2026 00:00,RS,5/5/2026 09:42,5/5/2026 08:42,,5/5/2026 11:42,5/5/2026 12:42,5/5/2026 12:42,2026,2,5,19,0.12361,IB,Other,,16,2,3,1,0,1,1,1,,,,,,,0,0,1,1,2,1,1,1,0,,1,0
2026,2,5,19,5/5/2026 09:41,12553361862,0,Carrier [2] Execution,UK,Unloading Dock Congestion,Complex,Day,IB,RS,5/5/2026 00:00,,,5/5/2026 00:00,5/5/2026 00:00,RS,5/5/2026 09:41,5/5/2026 08:41,,5/5/2026 10:14,5/5/2026 11:14,5/5/2026 11:14,2026,2,5,19,0.05763,IB,,,20,1,2,1,1,1,1,1,,,,,,,0,0,1,1,1,1,2,1,0,,1,0
2026,2,5,19,5/5/2026 09:38,12553358802,0,Shipper [2] Execution,UK,Delay to Collection,Complex,Day,OB,RS,,,,,5/5/2026 00:00,RS,5/5/2026 09:38,5/5/2026 08:38,,5/5/2026 09:13,5/5/2026 10:13,5/5/2026 10:13,2026,2,5,19,,IB,,,,,1,1,1,1,1,1,,,,,,,0,0,,,0,2,,0,,,1,0
2026,2,5,19,5/5/2026 09:35,12552028222,0,Carrier [2] Execution,MEU,Unloading Dock Congestion,Complex,Day,IB,RS,5/5/2026 00:00,,,5/5/2026 00:00,5/5/2026 00:00,RS,5/5/2026 09:35,5/5/2026 07:35,5/5/2026 12:33,5/5/2026 13:56,5/5/2026 15:56,5/5/2026 15:56,2026,2,5,19,0.12013,IB,,,18,0,6,1,0,1,1,1,,,,,,,1,0,1,1,4,3,2,0,0,,1,0
2026,2,5,19,5/5/2026 09:34,12553315912,0,Carrier [2] Execution,MEU,Unloading Dock Congestion,Complex,Day,IB,RS,5/5/2026 00:00,,,5/5/2026 00:00,5/5/2026 00:00,RS,5/5/2026 09:34,5/5/2026 07:34,,5/5/2026 09:41,5/5/2026 11:41,5/5/2026 11:41,2026,2,5,19,0.0875,IB,,,2,1,2,1,1,1,1,1,,,,,,,0,0,1,1,3,2,2,0,0,,1,0
2026,2,5,19,5/5/2026 09:31,12553329302,0,Shipper [2] Execution,MEU,Unloading Dock Congestion,Complex,Day,IB,RS,,,,,5/5/2026 00:00,RS,5/5/2026 09:31,5/5/2026 07:31,,5/5/2026 10:07,5/5/2026 12:07,5/5/2026 12:07,2026,2,5,19,0.10486,IB,Other,,24,,3,1,0,1,1,1,,,,,,,0,0,1,1,1,2,,0,0,,1,0
2026,2,5,19,5/5/2026 09:30,12553099112,0,Shipper [2] Execution,MEU,Unloading Dock Congestion,Complex,Day,IB,RS,,,,,5/5/2026 00:00,RS,5/5/2026 09:30,5/5/2026 07:30,,5/5/2026 08:36,5/5/2026 10:36,5/5/2026 10:36,2026,2,5,19,0.04375,IB,Other,,5,,1,1,1,1,1,1,,,,,,,0,0,1,1,1,1,,1,0,,1,0
2026,2,5,19,5/5/2026 09:28,12552091112,0,Shipper [2] Execution,MEU,Reschedule No Coverage,Simple,Day,OB,RS,,,,,5/5/2026 00:00,RS,5/5/2026 09:28,5/5/2026 07:28,,5/5/2026 08:46,5/5/2026 10:46,5/5/2026 10:46,2026,2,5,19,0.05416,IB,,,,,1,1,1,1,1,1,,,,,,,0,0,,,0,1,,1,,,0,1
2026,2,5,19,5/5/2026 09:22,12552062422,0,Carrier [2] Execution,UK,Loading Dock Congestion,Complex,Day,OB,RS,,,,,5/5/2026 00:00,RS,5/5/2026 09:22,5/5/2026 08:22,,5/5/2026 09:56,5/5/2026 10:56,5/5/2026 10:56,2026,2,5,19,,IB,,,,,1,1,1,1,1,1,,,,,,,0,0,,,2,2,,0,,,1,0
2026,2,5,19,5/5/2026 09:22,12553222562,0,Carrier [2] Execution,MEU,Timestamp Request,Complex,Day,IB,RS,5/5/2026 00:00,,,5/5/2026 00:00,5/5/2026 00:00,RS,5/5/2026 09:22,5/5/2026 07:22,,5/5/2026 09:44,5/5/2026 11:44,5/5/2026 11:44,2026,2,5,19,0.09791,IB,,,6,2,2,1,1,1,1,1,,,,,,,0,0,1,1,2,1,2,1,0,,1,0
2026,2,5,19,5/5/2026 09:20,12552287792,0,Shipper [2] Execution,UK,Loading Dock Congestion,Complex,Day,IB,RS,5/5/2026 00:00,1,,5/5/2026 00:00,5/5/2026 00:00,RS,5/5/2026 09:20,5/5/2026 08:20,,5/5/2026 10:52,5/5/2026 11:52,5/5/2026 11:52,2026,2,5,19,0.00485,IB,Other,,2,20,2,1,1,1,1,1,,,,,,,0,0,1,1,5,6,1,0,0,,1,0
2026,2,5,19,5/5/2026 09:16,12553255662,0,Shipper [2] Execution,UK,Order Cancellation,Simple,Day,IB,RS,5/5/2026 00:00,,,5/5/2026 00:00,5/5/2026 00:00,RS,5/5/2026 09:16,5/5/2026 08:16,,5/5/2026 11:20,5/5/2026 12:20,5/5/2026 12:20,2026,2,5,19,0.12776,IB,,,3,1,3,1,0,1,1,1,,,,,,,0,0,1,1,3,3,2,0,0,,0,1
2026,2,5,19,5/5/2026 09:16,12553274662,0,Carrier [2] Execution,UK,Loading Dock Congestion,Complex,Day,IB,RS,5/5/2026 00:00,1,,5/5/2026 00:00,5/5/2026 00:00,RS,5/5/2026 09:16,5/5/2026 08:16,,5/5/2026 11:36,5/5/2026 12:36,5/5/2026 12:36,2026,2,5,19,0.01041,IB,,,45,45,3,1,0,1,1,1,,,,,,,0,0,1,1,11,6,2,0,0,,1,0
2026,2,5,19,5/5/2026 09:15,12551973912,0,Carrier [2] Execution,MEU,Unloading Dock Congestion,Complex,Day,OB,RS,,,,,5/5/2026 00:00,RS,5/5/2026 09:15,5/5/2026 07:15,,5/5/2026 10:37,5/5/2026 12:37,5/5/2026 12:37,2026,2,5,19,0.11944,IB,,,,,3,1,0,1,1,1,,,,,,,0,0,,,1,3,,0,,,1,0
2026,2,5,19,5/5/2026 09:11,12553051182,0,Carrier [2] Execution,MEU,Timestamp Request,Complex,Day,IB,RS,5/5/2026 00:00,,,5/5/2026 00:00,5/5/2026 00:00,RS,5/5/2026 09:11,5/5/2026 07:11,,5/5/2026 08:17,5/5/2026 10:17,5/5/2026 10:17,2026,2,5,19,0.04582,IB,,,3,1,1,1,1,1,1,1,,,,,,,0,0,1,1,3,2,2,0,0,,1,0
2026,2,5,19,5/5/2026 09:10,12553149722,0,Carrier [2] Execution,MEU,Unloading Dock Congestion,Complex,Day,OB,RS,,,,,5/5/2026 00:00,RS,5/5/2026 09:10,5/5/2026 07:10,,5/5/2026 09:41,5/5/2026 11:41,5/5/2026 11:41,2026,2,5,19,,IB,,,,,2,1,1,1,1,1,,,,,,,0,0,,,0,2,,0,,,1,0
2026,2,5,19,5/5/2026 09:09,12552186492,0,,UK,,Complex,Day,IB,RS,,,,,,RS,5/5/2026 09:09,5/5/2026 08:09,,5/5/2026 08:18,5/5/2026 09:18,5/5/2026 09:18,2026,2,5,19,0.00138,IB,,,,,0,1,1,1,1,1,,,,,,,0,0,,,1,0,,0,0,,1,0
2026,2,5,19,5/5/2026 09:08,12553305902,0,Shipper [2] Execution,UK,Loading Dock Congestion,Complex,Day,IB,RS,5/5/2026 00:00,,,5/5/2026 00:00,5/5/2026 00:00,RS,5/5/2026 09:08,5/5/2026 08:08,,5/5/2026 13:49,5/5/2026 14:49,5/5/2026 14:49,2026,2,5,19,0.00833,IB,,,14,13,5,1,0,1,1,1,,,,,,,0,0,1,1,1,1,1,1,0,,1,0
2026,2,5,19,5/5/2026 09:06,12552107832,0,Shipper [2] Execution,UK,Reschedule No Coverage,Simple,Day,IB,RS,5/5/2026 00:00,,,5/5/2026 00:00,5/5/2026 00:00,RS,5/5/2026 09:06,5/5/2026 08:06,,5/5/2026 12:07,5/5/2026 13:07,5/5/2026 13:07,2026,2,5,19,0.09303,IB,,,2,30,4,1,0,1,1,1,,,,,,,0,0,1,1,4,5,5,0,0,,0,1
2026,2,5,19,5/5/2026 09:05,12552254792,0,Shipper [2] Execution,UK,Delay to Collection,Complex,Day,OB,RS,5/5/2026 00:00,,,5/5/2026 00:00,5/5/2026 00:00,RS,5/5/2026 09:05,5/5/2026 08:05,,5/5/2026 10:03,5/5/2026 11:03,5/5/2026 11:03,2026,2,5,19,,IB,,,,,2,1,1,1,1,1,,,,,,,0,0,,,0,2,1,0,,,1,0
2026,2,5,19,5/5/2026 09:04,12553235562,0,Internal [2] Execution,UK,ROC Inbound Network,Complex,Day,IB,RS,5/5/2026 00:00,,,5/5/2026 00:00,5/5/2026 00:00,RS,5/5/2026 09:04,5/5/2026 08:04,,5/5/2026 09:13,5/5/2026 10:13,5/5/2026 10:13,2026,2,5,19,0.04583,IB,Other,,4,0,1,1,1,1,1,1,,,,,,,0,0,1,1,1,2,2,0,0,,1,0
2026,2,5,19,5/5/2026 09:04,12553248432,0,Shipper [2] Execution,MEU,Reschedule No Coverage,Simple,Day,OB,RS,,,,,5/5/2026 00:00,RS,5/5/2026 09:04,5/5/2026 07:04,,5/5/2026 07:06,5/5/2026 09:06,5/5/2026 09:06,2026,2,5,19,,IB,,,,,0,1,1,1,1,1,,,,,,,0,0,,,0,1,,1,,,0,1
2026,2,5,19,5/5/2026 09:03,12553254102,0,Carrier [2] Execution,UK,Loading Dock Congestion,Complex,Day,IB,RS,5/5/2026 00:00,,,5/5/2026 00:00,5/5/2026 00:00,RS,5/5/2026 09:03,5/5/2026 08:03,,5/5/2026 09:56,5/5/2026 10:56,5/5/2026 10:56,2026,2,5,19,0.07777,IB,,,13,9,1,1,1,1,1,1,,,,,,,0,0,1,1,3,3,2,0,0,,1,0
2026,2,5,19,5/5/2026 09:03,12553432652,0,Carrier [2] Execution,UK,Delay to Collection,Complex,Day,OB,RS,5/5/2026 00:00,,,5/5/2026 00:00,5/5/2026 00:00,RS,5/5/2026 09:03,5/5/2026 08:03,,5/5/2026 10:03,5/5/2026 11:03,5/5/2026 11:03,2026,2,5,19,,IB,,,,,2,1,1,1,1,1,,,,,,,0,0,,,1,2,1,0,,,1,0
2026,2,5,19,5/5/2026 09:00,12553063612,0,Shipper [2] Execution,MEU,Equipment Issue or Query,Complex,Day,IB,RS,5/5/2026 00:00,,,5/5/2026 00:00,5/5/2026 00:00,RS,5/5/2026 09:00,5/5/2026 07:00,,5/5/2026 08:54,5/5/2026 10:54,5/5/2026 10:54,2026,2,5,19,0.0361,IB,Other,,4,2,1,1,1,1,1,1,,,,,,,0,0,1,1,2,2,1,0,0,,1,0
2026,2,5,19,5/5/2026 08:56,12553079422,0,Internal [2] Execution,MEU,FC Fulfillment Network,Complex,Day,IB,RS,5/5/2026 00:00,,,,5/5/2026 00:00,RS,5/5/2026 08:56,5/5/2026 06:56,,5/5/2026 09:42,5/5/2026 11:42,5/5/2026 11:42,2026,2,5,19,0.11458,IB,Other,,3,,3,1,0,1,1,1,,,,,,,0,0,1,,1,2,2,0,0,,1,0
2026,2,5,19,5/5/2026 08:55,12552160032,0,,UK,,Complex,Day,OB,RS,5/5/2026 00:00,,,,5/5/2026 00:00,RS,5/5/2026 08:55,5/5/2026 07:55,,5/5/2026 16:33,5/5/2026 17:33,5/5/2026 17:33,2026,2,5,19,,IB,,,,,9,1,0,0,1,1,,,,,,,0,0,,,0,1,1,1,,,1,0
2026,2,5,19,5/5/2026 08:54,12552127712,0,Carrier [2] Execution,UK,VRID or Tour Cancellation,Complex,Day,IB,RS,5/5/2026 00:00,,,5/5/2026 00:00,5/5/2026 00:00,RS,5/5/2026 08:54,5/5/2026 07:54,,5/5/2026 09:56,5/5/2026 10:56,5/5/2026 10:56,2026,2,5,19,0.03125,IB,Other,,58,57,2,1,1,1,1,1,,,,,,,0,0,1,1,1,1,2,1,0,,1,0
2026,2,5,19,5/5/2026 08:52,12551813482,0,Internal [2] Execution,MEU,FC Fulfillment Network,Complex,Day,IB,RS,5/5/2026 00:00,,,5/5/2026 00:00,5/5/2026 00:00,RS,5/5/2026 08:52,5/5/2026 06:52,,5/5/2026 09:39,5/5/2026 11:39,5/5/2026 11:39,2026,2,5,19,0.11527,IB,Other,,6,4,3,1,0,1,1,1,,,,,,,0,0,1,1,1,1,2,1,0,,1,0
2026,2,5,19,5/5/2026 08:51,12553062612,0,Shipper [2] Execution,MEU,Reschedule No Coverage,Simple,Day,IB,RS,5/5/2026 00:00,,,5/5/2026 00:00,5/5/2026 00:00,RS,5/5/2026 08:51,5/5/2026 06:51,,5/5/2026 08:48,5/5/2026 10:48,5/5/2026 10:48,2026,2,5,19,0.06875,IB,,,49,6,2,1,1,1,1,1,,,,,,,0,0,1,1,1,1,1,1,0,,0,1
2026,2,5,19,5/5/2026 08:49,12551932222,0,Internal [2] Execution,UK,ROC Inbound Network,Complex,Day,IB,RS,5/5/2026 00:00,,,5/5/2026 00:00,5/5/2026 00:00,RS,5/5/2026 08:49,5/5/2026 07:49,,5/5/2026 10:03,5/5/2026 11:03,5/5/2026 11:03,2026,2,5,19,0.08541,IB,Other,,12,11,3,1,0,1,1,1,,,,,,,0,0,1,1,1,1,2,1,0,,1,0
2026,2,5,19,5/5/2026 08:43,12553152772,1,,UK,,Complex,Day,IB,WP,5/5/2026 00:00,,,5/5/2026 00:00,5/5/2026 00:00,WP,5/5/2026 08:43,5/5/2026 07:43,,,,,,,,,0,IB,Other,,203,0,,,0,0,0,0,,,,,0,,0,0,0,1,1,5,1,,0,0,1,0
2026,2,5,19,5/5/2026 08:35,12553243222,0,Shipper [2] Execution,UK,Unloading Dock Congestion,Complex,Day,IB,RS,,,,,5/5/2026 00:00,RS,5/5/2026 08:35,5/5/2026 07:35,,5/5/2026 07:43,5/5/2026 08:43,5/5/2026 08:43,2026,2,5,19,0.00347,IB,Other,,4,,0,1,1,1,1,1,,,,,,,0,0,1,1,1,1,,1,0,,1,0
2026,2,5,19,5/5/2026 08:34,12552995212,0,Carrier [2] Execution,MEU,Loading Dock Congestion,Complex,Day,OB,RS,,,,,5/5/2026 00:00,RS,5/5/2026 08:34,5/5/2026 06:34,,5/5/2026 08:03,5/5/2026 10:03,5/5/2026 10:03,2026,2,5,19,0.0618,IB,,,,,2,1,1,1,1,1,,,,,,,0,0,,,2,2,,0,,,1,0
2026,2,5,19,5/5/2026 08:32,12553221402,1,,UK,,Complex,Day,IB,RS,5/5/2026 00:00,,,,5/5/2026 00:00,RS,5/5/2026 08:32,5/5/2026 07:32,,5/5/2026 12:26,5/5/2026 13:26,5/5/2026 13:26,2026,2,5,19,0.17429,IB,,,168,,5,1,0,1,1,1,,,,,,,0,0,0,,1,1,2,1,0,,1,0
2026,2,5,19,5/5/2026 08:31,12553006332,0,Carrier [2] Execution,MEU,Unloading Dock Congestion,Complex,Day,OB,RS,,,,,5/5/2026 00:00,RS,5/5/2026 08:31,5/5/2026 06:31,,5/5/2026 14:23,5/5/2026 16:23,5/5/2026 16:23,2026,2,5,19,,IB,,,,,8,1,0,0,1,1,,,,,,,0,0,,,1,4,,0,,,1,0
2026,2,5,19,5/5/2026 08:30,12553058542,0,Carrier [2] Execution,MEU,VRID or Tour Cancellation,Complex,Day,IB,RS,5/5/2026 00:00,,,5/5/2026 00:00,5/5/2026 00:00,RS,5/5/2026 08:30,5/5/2026 06:30,,5/5/2026 08:47,5/5/2026 10:47,5/5/2026 10:47,2026,2,5,19,0.05833,IB,Other,,8,2,2,1,1,1,1,1,,,,,,,0,0,1,1,2,3,2,0,0,,1,0
2026,2,5,19,5/5/2026 08:29,12553106762,0,Internal [2] Execution,MEU,FC Fulfillment Network,Complex,Day,IB,RS,5/5/2026 00:00,,,5/5/2026 00:00,5/5/2026 00:00,RS,5/5/2026 08:29,5/5/2026 06:29,,5/5/2026 09:38,5/5/2026 11:38,5/5/2026 11:38,2026,2,5,19,0.13055,IB,Other,,3,1,3,1,0,1,1,1,,,,,,,0,0,1,1,2,2,2,0,0,,1,0
2026,2,5,19,5/5/2026 08:23,12551887452,0,Shipper [2] Execution,MEU,Loading Dock Congestion,Complex,Day,IB,RS,,,,,5/5/2026 00:00,RS,5/5/2026 08:23,5/5/2026 06:23,,5/5/2026 08:03,5/5/2026 10:03,5/5/2026 10:03,2026,2,5,19,0.06875,IB,Other,,6,,2,1,1,1,1,1,,,,,,,0,0,1,1,1,2,,0,0,,1,0
2026,2,5,19,5/5/2026 08:22,12553023492,0,Shipper [2] Execution,MEU,Reschedule No Coverage,Simple,Day,OB,RS,5/5/2026 00:00,,,5/5/2026 00:00,5/5/2026 00:00,RS,5/5/2026 08:22,5/5/2026 06:22,,5/5/2026 06:22,5/5/2026 08:22,5/5/2026 08:22,2026,2,5,19,,IB,,,,,0,1,1,1,1,1,,,,,,,0,0,,,0,2,1,0,,,0,1
2026,2,5,19,5/5/2026 08:22,12553152332,0,Shipper [2] Execution,UK,Reschedule No Coverage,Simple,Day,IB,RS,5/5/2026 00:00,,,5/5/2026 00:00,5/5/2026 00:00,RS,5/5/2026 08:22,5/5/2026 07:22,,5/5/2026 08:59,5/5/2026 09:59,5/5/2026 09:59,2026,2,5,19,0.03263,IB,Other,,54,49,1,1,1,1,1,1,,,,,,,0,0,1,1,1,1,1,1,0,,0,1
2026,2,5,19,5/5/2026 08:22,12553204652,0,Carrier [2] Execution,UK,System Issue R4C R4D,Complex,Day,IB,RS,5/5/2026 00:00,,,5/5/2026 00:00,5/5/2026 00:00,RS,5/5/2026 08:22,5/5/2026 07:22,,5/5/2026 13:25,5/5/2026 14:25,5/5/2026 14:25,2026,2,5,19,0.20763,IB,,,5,19,6,1,0,1,1,1,,,,,,,0,0,1,1,5,4,3,0,0,,1,0
2026,2,5,19,5/5/2026 08:21,12552987382,0,Carrier [2] Execution,MEU,Unloading Dock Congestion,Complex,Day,IB,RS,,,,,5/5/2026 00:00,RS,5/5/2026 08:21,5/5/2026 06:21,,5/5/2026 14:25,5/5/2026 16:25,5/5/2026 16:25,2026,2,5,19,0.33333,IB,Other,,12,,8,1,0,0,1,1,,,,,,,0,0,1,1,2,3,,0,0,,1,0
2026,2,5,19,5/5/2026 08:21,12553219692,0,Carrier [2] Execution,UK,Loading Dock Congestion,Complex,Day,OB,RS,5/5/2026 00:00,,,5/5/2026 00:00,5/5/2026 00:00,RS,5/5/2026 08:21,5/5/2026 07:21,,5/5/2026 13:49,5/5/2026 14:49,5/5/2026 14:49,2026,2,5,19,,IB,,,,,6,1,0,1,1,1,,,,,,,0,0,,,1,2,1,0,,,1,0
2026,2,5,19,5/5/2026 08:21,12553267412,0,Carrier [3] Post-execution,UK,System Issue R4C R4D,Complex,Day,IB,RS,5/5/2026 00:00,,,5/5/2026 00:00,5/5/2026 00:00,RS,5/5/2026 08:21,5/5/2026 07:21,,5/5/2026 08:43,5/5/2026 09:43,5/5/2026 09:43,2026,2,5,19,0.00416,IB,,,7,7,1,1,1,1,1,1,,,,,,,0,0,1,1,3,3,1,0,0,,1,0
2026,2,5,19,5/5/2026 08:16,12551975072,0,Carrier [2] Execution,UK,Unloading Dock Congestion,Complex,Day,IB,RS,5/5/2026 00:00,,,5/5/2026 00:00,5/5/2026 00:00,RS,5/5/2026 08:16,5/5/2026 07:16,,5/5/2026 14:01,5/5/2026 15:01,5/5/2026 15:01,2026,2,5,19,0.27916,IB,,,5,5,7,1,0,0,1,1,,,,,,,0,0,1,1,2,1,1,1,0,,1,0
2026,2,5,19,5/5/2026 08:16,12553151662,0,Carrier [2] Execution,UK,Unloading Dock Congestion,Complex,Day,IB,RS,5/5/2026 00:00,,,5/5/2026 00:00,5/5/2026 00:00,RS,5/5/2026 08:16,5/5/2026 07:16,,5/5/2026 09:49,5/5/2026 10:49,5/5/2026 10:49,2026,2,5,19,0.02569,IB,,,51,47,2,1,1,1,1,1,,,,,,,0,0,1,1,1,1,2,1,0,,1,0
2026,2,5,19,5/5/2026 08:13,12553237522,0,,UK,,Complex,Day,OB,WP,5/5/2026 00:00,,,5/5/2026 00:00,5/5/2026 00:00,WP,5/5/2026 08:13,5/5/2026 07:13,,,,,,,,,0.04861,IB,,,,,,,0,0,0,0,,,,,0,,0,0,,,1,4,1,,,0,1,0
2026,2,5,19,5/5/2026 08:12,12551814002,0,Carrier [2] Execution,UK,Loading Dock Congestion,Complex,Day,IB,RS,5/5/2026 00:00,,,5/5/2026 00:00,5/5/2026 00:00,RS,5/5/2026 08:12,5/5/2026 07:12,,5/5/2026 09:47,5/5/2026 10:47,5/5/2026 10:47,2026,2,5,19,0.02152,IB,,,2,47,2,1,1,1,1,1,,,,,,,0,0,1,1,1,2,2,0,0,,1,0
2026,2,5,19,5/5/2026 08:11,12553106392,0,Shipper [2] Execution,MEU,Reschedule No Coverage,Simple,Day,OB,RS,5/5/2026 00:00,,,,5/5/2026 00:00,RS,5/5/2026 08:11,5/5/2026 06:11,,5/5/2026 06:11,5/5/2026 08:11,5/5/2026 08:11,2026,2,5,19,,IB,,,,,0,1,1,1,1,1,,,,,,,0,0,,,0,1,1,1,,,0,1
2026,2,5,19,5/5/2026 08:11,12553229262,0,Shipper [2] Execution,UK,Reschedule No Coverage,Simple,Day,IB,RS,5/5/2026 00:00,,,5/5/2026 00:00,5/5/2026 00:00,RS,5/5/2026 08:11,5/5/2026 07:11,,5/5/2026 07:49,5/5/2026 08:49,5/5/2026 08:49,2026,2,5,19,0.0104,IB,Other,,22,13,0,1,1,1,1,1,,,,,,,0,0,1,1,1,2,3,0,0,,0,1
2026,2,5,19,5/5/2026 08:10,12551949562,0,Internal [2] Execution,UK,ROC Inbound Network,Complex,Day,IB,RS,5/5/2026 00:00,,,5/5/2026 00:00,5/5/2026 00:00,RS,5/5/2026 08:10,5/5/2026 07:10,,5/5/2026 09:43,5/5/2026 10:43,5/5/2026 10:43,2026,2,5,19,0.10555,IB,Other,,3,2,2,1,1,1,1,1,,,,,,,0,0,1,1,1,1,2,1,0,,1,0
2026,2,5,19,5/5/2026 08:10,12552962422,0,Shipper [2] Execution,MEU,Reschedule No Coverage,Simple,Day,OB,RS,5/5/2026 00:00,,,,5/5/2026 00:00,RS,5/5/2026 08:10,5/5/2026 06:10,5/5/2026 06:11,5/5/2026 06:18,5/5/2026 08:18,5/5/2026 08:18,2026,2,5,19,,IB,,,,,0,1,1,1,1,1,,,,,,,1,0,,,1,1,1,1,,,0,1
2026,2,5,19,5/5/2026 08:09,12551839212,0,Shipper [2] Execution,MEU,Reschedule No Coverage,Simple,Day,OB,RS,5/5/2026 00:00,,,,5/5/2026 00:00,RS,5/5/2026 08:09,5/5/2026 06:09,,5/5/2026 06:09,5/5/2026 08:09,5/5/2026 08:09,2026,2,5,19,,IB,,,,,0,1,1,1,1,1,,,,,,,0,0,,,0,1,1,1,,,0,1
2026,2,5,19,5/5/2026 08:08,12553009512,0,Shipper [2] Execution,MEU,Reschedule No Coverage,Simple,Day,OB,RS,5/5/2026 00:00,,,,5/5/2026 00:00,RS,5/5/2026 08:08,5/5/2026 06:08,,5/5/2026 06:08,5/5/2026 08:08,5/5/2026 08:08,2026,2,5,19,,IB,,,,,0,1,1,1,1,1,,,,,,,0,0,,,0,1,1,1,,,0,1
2026,2,5,19,5/5/2026 08:06,12553052182,0,Carrier [2] Execution,MEU,Timestamp Request,Complex,Day,IB,RS,5/5/2026 00:00,,,5/5/2026 00:00,5/5/2026 00:00,RS,5/5/2026 08:06,5/5/2026 06:06,,5/5/2026 08:17,5/5/2026 10:17,5/5/2026 10:17,2026,2,5,19,0.09027,IB,,,3,1,2,1,1,1,1,1,,,,,,,0,0,1,1,3,1,2,1,0,,1,0
2026,2,5,19,5/5/2026 07:59,12552953942,0,Shipper [2] Execution,MEU,Reschedule No Coverage,Simple,Day,OB,RS,,,,,5/5/2026 00:00,RS,5/5/2026 07:59,5/5/2026 05:59,,5/5/2026 07:06,5/5/2026 09:06,5/5/2026 09:06,2026,2,5,19,0.04652,IB,,,,,2,1,1,1,1,1,,,,,,,0,0,,,0,1,,1,,,0,1
2026,2,5,19,5/5/2026 07:59,12553232192,0,Shipper [2] Execution,UK,Truck or Trailer ID Request,Simple,Day,IB,RS,5/5/2026 00:00,,,5/5/2026 00:00,5/5/2026 00:00,RS,5/5/2026 07:59,5/5/2026 06:59,,5/5/2026 09:30,5/5/2026 10:30,5/5/2026 10:30,2026,2,5,19,0.10486,IB,Other,,21,4,3,1,0,1,1,1,,,,,,,0,0,1,1,1,1,1,1,0,,0,1
2026,2,5,19,5/5/2026 07:54,12552951012,0,Shipper [2] Execution,MEU,Reschedule No Coverage,Simple,Day,OB,RS,5/5/2026 00:00,1,,5/5/2026 00:00,5/5/2026 00:00,RS,5/5/2026 07:54,5/5/2026 05:54,5/5/2026 07:53,5/5/2026 11:55,5/5/2026 13:55,5/5/2026 13:55,2026,2,5,19,0.14929,IB,,,,,6,1,0,1,1,1,,,,,,,1,0,,,5,5,2,0,,,0,1
2026,2,5,19,5/5/2026 07:52,12552949962,0,Shipper [2] Execution,MEU,Reschedule No Coverage,Simple,Day,OB,RS,5/5/2026 00:00,,,,5/5/2026 00:00,RS,5/5/2026 07:52,5/5/2026 05:52,,5/5/2026 05:52,5/5/2026 07:52,5/5/2026 07:52,2026,2,5,19,,IB,,,,,0,1,1,1,1,1,,,,,,,0,0,,,0,1,1,1,,,0,1
2026,2,5,19,5/5/2026 07:49,12552973582,0,Carrier [2] Execution,MEU,Loading Reference Number Issue,Complex,Day,IB,RS,5/5/2026 00:00,,,5/5/2026 00:00,5/5/2026 00:00,RS,5/5/2026 07:49,5/5/2026 05:49,,5/5/2026 07:30,5/5/2026 09:30,5/5/2026 09:30,2026,2,5,19,0.06597,IB,,,11,6,2,1,1,1,1,1,,,,,,,0,0,1,1,2,3,2,0,0,,1,0
2026,2,5,19,5/5/2026 07:49,12553076582,0,Internal [2] Execution,UK,FC Fulfillment Network,Complex,Day,IB,RS,5/5/2026 00:00,,,5/5/2026 00:00,5/5/2026 00:00,RS,5/5/2026 07:49,5/5/2026 06:49,,5/5/2026 07:06,5/5/2026 08:06,5/5/2026 08:06,2026,2,5,19,0.00972,IB,Other,,10,10,1,1,1,1,1,1,,,,,,,0,0,1,1,1,1,1,1,0,,1,0
2026,2,5,19,5/5/2026 07:45,12552917972,0,Carrier [2] Execution,MEU,Loading Reference Number Issue,Complex,Day,IB,RS,5/5/2026 00:00,,,5/5/2026 00:00,5/5/2026 00:00,RS,5/5/2026 07:45,5/5/2026 05:45,,5/5/2026 09:37,5/5/2026 11:37,5/5/2026 11:37,2026,2,5,19,0.16041,IB,,,4,2,4,1,0,1,1,1,,,,,,,0,0,1,1,3,1,2,1,0,,1,0
2026,2,5,19,5/5/2026 07:42,12553039102,1,Shipper [2] Execution,UK,Loading Reference Number Issue,Complex,Day,IB,RS,,,,,5/5/2026 00:00,RS,5/5/2026 07:42,5/5/2026 06:42,,5/5/2026 09:16,5/5/2026 10:16,5/5/2026 10:16,2026,2,5,19,0.01736,IB,,,73,,3,1,0,1,1,1,,,,,,,0,0,0,0,2,2,,0,0,,1,0
2026,2,5,19,5/5/2026 07:38,12553006732,0,Shipper [2] Execution,UK,Loading Dock Congestion,Complex,Day,IB,RS,5/5/2026 00:00,,,5/5/2026 00:00,5/5/2026 00:00,RS,5/5/2026 07:38,5/5/2026 06:38,,5/5/2026 14:31,5/5/2026 15:31,5/5/2026 15:31,2026,2,5,19,0.32638,IB,Other,,11,0,8,1,0,0,1,1,,,,,,,0,0,1,1,1,2,1,0,0,,1,0
2026,2,5,19,5/5/2026 07:30,12551569522,0,Shipper [2] Execution,MEU,Reschedule No Coverage,Simple,Day,OB,RS,,,,,5/5/2026 00:00,RS,5/5/2026 07:30,5/5/2026 05:30,,5/5/2026 05:31,5/5/2026 07:31,5/5/2026 07:31,2026,2,5,19,,IB,,,,,0,1,1,1,1,1,,,,,,,0,0,,,0,1,,1,,,0,1
2026,2,5,19,5/5/2026 07:29,12551656332,0,Shipper [2] Execution,MEU,Reschedule No Coverage,Simple,Day,OB,RS,,,,,5/5/2026 00:00,RS,5/5/2026 07:29,5/5/2026 05:29,,5/5/2026 05:29,5/5/2026 07:29,5/5/2026 07:29,2026,2,5,19,,IB,,,,,0,1,1,1,1,1,,,,,,,0,0,,,0,1,,1,,,0,1
2026,2,5,19,5/5/2026 07:28,12552964432,0,Shipper [2] Execution,MEU,Reschedule No Coverage,Simple,Day,OB,RS,,,,,5/5/2026 00:00,RS,5/5/2026 07:28,5/5/2026 05:28,,5/5/2026 05:28,5/5/2026 07:28,5/5/2026 07:28,2026,2,5,19,,IB,,,,,0,1,1,1,1,1,,,,,,,0,0,,,0,1,,1,,,0,1
2026,2,5,19,5/5/2026 07:24,12551565692,0,Shipper [2] Execution,MEU,Reschedule No Coverage,Simple,Day,OB,RS,,,,,5/5/2026 00:00,RS,5/5/2026 07:24,5/5/2026 05:24,,5/5/2026 05:24,5/5/2026 07:24,5/5/2026 07:24,2026,2,5,19,,IB,,,,,0,1,1,1,1,1,,,,,,,0,0,,,0,1,,1,,,0,1
2026,2,5,19,5/5/2026 07:23,12551815882,0,Shipper [2] Execution,UK,Reschedule No Coverage,Simple,Day,OB,RS,5/5/2026 00:00,,,,5/5/2026 00:00,RS,5/5/2026 07:23,5/5/2026 06:23,,5/5/2026 06:23,5/5/2026 07:23,5/5/2026 07:23,2026,2,5,19,,IB,,,,,0,1,1,1,1,1,,,,,,,0,0,,,0,1,1,1,,,0,1
2026,2,5,19,5/5/2026 07:23,12552905712,0,Shipper [2] Execution,MEU,Reschedule No Coverage,Simple,Day,OB,RS,,,,,5/5/2026 00:00,RS,5/5/2026 07:23,5/5/2026 05:23,,5/5/2026 05:23,5/5/2026 07:23,5/5/2026 07:23,2026,2,5,19,,IB,,,,,0,1,1,1,1,1,,,,,,,0,0,,,0,1,,1,,,0,1
2026,2,5,19,5/5/2026 07:23,12553012322,0,Shipper [2] Execution,UK,Reschedule No Coverage,Simple,Day,OB,RS,5/5/2026 00:00,,,,5/5/2026 00:00,RS,5/5/2026 07:23,5/5/2026 06:23,,5/5/2026 06:24,5/5/2026 07:24,5/5/2026 07:24,2026,2,5,19,,IB,,,,,0,1,1,1,1,1,,,,,,,0,0,,,0,1,1,1,,,0,1
2026,2,5,19,5/5/2026 07:22,12552969042,0,Shipper [2] Execution,UK,Loading Dock Congestion,Complex,Day,IB,RS,,,,,5/5/2026 00:00,RS,5/5/2026 07:22,5/5/2026 06:22,,5/5/2026 11:31,5/5/2026 12:31,5/5/2026 12:31,2026,2,5,19,0.01458,IB,,,22,,5,1,0,1,1,1,,,,,,,0,0,1,1,2,3,,0,0,,1,0
2026,2,5,19,5/5/2026 07:22,12552971252,0,Carrier [2] Execution,UK,Loading Dock Congestion,Complex,Day,OB,RS,,,,,5/5/2026 00:00,RS,5/5/2026 07:22,5/5/2026 06:22,,5/5/2026 12:01,5/5/2026 13:01,5/5/2026 13:01,2026,2,5,19,,IB,,,,,6,1,0,1,1,1,,,,,,,0,0,,,2,3,,0,,,1,0
2026,2,5,19,5/5/2026 07:20,12552893032,0,Shipper [2] Execution,MEU,Reschedule No Coverage,Simple,Day,OB,RS,,,,,5/5/2026 00:00,RS,5/5/2026 07:20,5/5/2026 05:20,,5/5/2026 05:20,5/5/2026 07:20,5/5/2026 07:20,2026,2,5,19,,IB,,,,,0,1,1,1,1,1,,,,,,,0,0,,,0,1,,1,,,0,1
2026,2,5,19,5/5/2026 07:18,12551675432,0,Shipper [2] Execution,MEU,Reschedule No Coverage,Simple,Day,OB,RS,,,,,5/5/2026 00:00,RS,5/5/2026 07:18,5/5/2026 05:18,,5/5/2026 05:19,5/5/2026 07:19,5/5/2026 07:19,2026,2,5,19,,IB,,,,,0,1,1,1,1,1,,,,,,,0,0,,,0,1,,1,,,0,1
2026,2,5,19,5/5/2026 07:15,12552983292,1,Carrier [2] Execution,UK,Delay to Destination,Complex,Day,IB,RS,5/5/2026 00:00,,,5/5/2026 00:00,5/5/2026 00:00,RS,5/5/2026 07:15,5/5/2026 06:15,,5/5/2026 14:12,5/5/2026 15:12,5/5/2026 15:12,2026,2,5,19,0.23541,IB,,,367,9,8,1,0,0,1,1,,,,,,,0,0,0,1,6,3,6,0,0,,1,0
2026,2,5,19,5/5/2026 07:14,12551674422,0,Shipper [2] Execution,MEU,Reschedule No Coverage,Simple,Day,OB,RS,,,,,5/5/2026 00:00,RS,5/5/2026 07:14,5/5/2026 05:14,,5/5/2026 05:14,5/5/2026 07:14,5/5/2026 07:14,2026,2,5,19,,IB,,,,,0,1,1,1,1,1,,,,,,,0,0,,,0,1,,1,,,0,1
2026,2,5,19,5/5/2026 07:14,12551746172,0,Shipper [2] Execution,UK,Reschedule No Coverage,Simple,Day,OB,RS,5/5/2026 00:00,,,,5/5/2026 00:00,RS,5/5/2026 07:14,5/5/2026 06:14,,5/5/2026 06:14,5/5/2026 07:14,5/5/2026 07:14,2026,2,5,19,,IB,,,,,0,1,1,1,1,1,,,,,,,0,0,,,0,1,1,1,,,0,1
2026,2,5,19,5/5/2026 07:10,12552939412,0,Shipper [2] Execution,MEU,Reschedule No Coverage,Simple,Day,OB,RS,,,,,5/5/2026 00:00,RS,5/5/2026 07:10,5/5/2026 05:10,,5/5/2026 05:11,5/5/2026 07:11,5/5/2026 07:11,2026,2,5,19,,IB,,,,,0,1,1,1,1,1,,,,,,,0,0,,,0,1,,1,,,0,1
2026,2,5,19,5/5/2026 07:10,12553007752,0,Carrier [2] Execution,MEU,Loading Reference Number Issue,Complex,Day,IB,RS,5/5/2026 00:00,,,5/5/2026 00:00,5/5/2026 00:00,RS,5/5/2026 07:10,5/5/2026 05:10,,5/5/2026 09:37,5/5/2026 11:37,5/5/2026 11:37,2026,2,5,19,0.18125,IB,,,8,6,4,1,0,1,1,1,,,,,,,0,0,1,1,3,1,2,1,0,,1,0
2026,2,5,19,5/5/2026 07:09,12551603162,0,Shipper [2] Execution,MEU,Reschedule No Coverage,Simple,Day,OB,RS,,,,,5/5/2026 00:00,RS,5/5/2026 07:09,5/5/2026 05:09,,5/5/2026 05:09,5/5/2026 07:09,5/5/2026 07:09,2026,2,5,19,,IB,,,,,0,1,1,1,1,1,,,,,,,0,0,,,0,1,,1,,,0,1
2026,2,5,19,5/5/2026 07:08,12552907482,0,Carrier [2] Execution,MEU,Loading Dock Congestion,Complex,Day,IB,RS,5/5/2026 00:00,,,5/5/2026 00:00,5/5/2026 00:00,RS,5/5/2026 07:08,5/5/2026 05:08,,5/5/2026 08:20,5/5/2026 10:20,5/5/2026 10:20,2026,2,5,19,0.00138,IB,,,7,3,3,1,0,1,1,1,,,,,,,0,0,1,1,2,3,2,0,0,,1,0
2026,2,5,19,5/5/2026 07:06,12551628512,0,Shipper [2] Execution,MEU,Reschedule No Coverage,Simple,Day,OB,RS,,,,,5/5/2026 00:00,RS,5/5/2026 07:06,5/5/2026 05:06,,5/5/2026 05:06,5/5/2026 07:06,5/5/2026 07:06,2026,2,5,19,,IB,,,,,0,1,1,1,1,1,,,,,,,0,0,,,0,1,,1,,,0,1
2026,2,5,19,5/5/2026 07:06,12551737262,0,Shipper [2] Execution,UK,Loading Dock Congestion,Complex,Day,OB,RS,5/5/2026 00:00,,,5/5/2026 00:00,5/5/2026 00:00,RS,5/5/2026 07:06,5/5/2026 06:06,,5/5/2026 09:42,5/5/2026 10:42,5/5/2026 10:42,2026,2,5,19,,IB,,,,,3,1,0,1,1,1,,,,,,,0,0,,,0,4,1,0,,,1,0
2026,2,5,19,5/5/2026 07:04,12552880222,0,Shipper [2] Execution,MEU,Reschedule No Coverage,Simple,Day,OB,RS,,,,,5/5/2026 00:00,RS,5/5/2026 07:04,5/5/2026 05:04,,5/5/2026 05:04,5/5/2026 07:04,5/5/2026 07:04,2026,2,5,19,,IB,,,,,0,1,1,1,1,1,,,,,,,0,0,,,0,1,,1,,,0,1
2026,2,5,19,5/5/2026 07:04,12552905792,0,Carrier [2] Execution,MEU,VRID or Tour Cancellation,Complex,Day,IB,RS,5/5/2026 00:00,,,5/5/2026 00:00,5/5/2026 00:00,RS,5/5/2026 07:04,5/5/2026 05:04,,5/5/2026 06:29,5/5/2026 08:29,5/5/2026 08:29,2026,2,5,19,0.05555,IB,Other,,11,9,1,1,1,1,1,1,,,,,,,0,0,1,1,1,1,2,1,0,,1,0
2026,2,5,19,5/5/2026 07:04,12552978722,0,Carrier [2] Execution,MEU,VRID or Tour Cancellation,Complex,Day,IB,RS,5/5/2026 00:00,,,5/5/2026 00:00,5/5/2026 00:00,RS,5/5/2026 07:04,5/5/2026 05:04,,5/5/2026 06:29,5/5/2026 08:29,5/5/2026 08:29,2026,2,5,19,0.05694,IB,Other,,17,14,1,1,1,1,1,1,,,,,,,0,0,1,1,1,1,2,1,0,,1,0
2026,2,5,19,5/5/2026 06:51,12556022542,0,,UK,,Complex,Night,IB,WP,,,,,5/6/2026 00:00,WP,5/6/2026 06:51,5/6/2026 05:51,,,,,,,,,0,IB,Other,night_to_day,7,,,,0,0,0,0,,,,,0,,0,0,1,1,1,0,,,0,0,1,0
2026,2,5,19,5/5/2026 06:42,12555647912,0,,MEU,,Complex,Night,IB,PM,,,,,5/6/2026 00:00,PM,5/6/2026 06:42,5/6/2026 04:42,,,,,,,,,,IB,,night_to_day,0,,,,0,0,0,0,,,,,0,,0,0,1,1,0,1,,,0,0,1,0
2026,2,5,19,5/5/2026 06:41,12555861242,0,,UK,,Complex,Night,IB,UN,,1,,,,UN,5/6/2026 06:41,5/6/2026 05:41,,,,,,,,,0,IB,Other,night_to_day,,,,,0,0,0,0,,,,,0,,0,0,,,1,0,,,1,0,1,0
2026,2,5,19,5/5/2026 06:36,12555799312,0,,UK,,Complex,Night,IB,UN,,1,,,,UN,5/6/2026 06:36,5/6/2026 05:36,,,,,,,,,0,IB,Other,night_to_day,,,,,0,0,0,0,,,,,0,,0,0,,,1,0,,,1,0,1,0
2026,2,5,19,5/5/2026 06:31,12555763612,0,Shipper [2] Execution,MEU,Reschedule No Coverage,Simple,Night,IB,RS,,,,,5/6/2026 00:00,RS,5/6/2026 06:31,5/6/2026 04:31,,5/6/2026 04:31,5/6/2026 06:31,5/5/2026 06:31,2026,2,5,19,0,IB,,night_to_day,0,,0,1,1,1,1,1,,,,,,,0,0,1,1,0,1,,1,0,,0,1
2026,2,5,19,5/5/2026 06:29,12555821682,0,Shipper [2] Execution,MEU,Reschedule No Coverage,Simple,Night,IB,RS,,,,,5/6/2026 00:00,RS,5/6/2026 06:29,5/6/2026 04:29,,5/6/2026 04:29,5/6/2026 06:29,5/5/2026 06:29,2026,2,5,19,,IB,,night_to_day,0,,0,1,1,1,1,1,,,,,,,0,0,1,1,0,1,,1,0,,0,1
2026,2,5,19,5/5/2026 06:27,12555750142,0,Shipper [2] Execution,MEU,Reschedule No Coverage,Simple,Night,IB,RS,,,,,5/6/2026 00:00,RS,5/6/2026 06:27,5/6/2026 04:27,,5/6/2026 04:28,5/6/2026 06:28,5/5/2026 06:28,2026,2,5,19,,IB,,night_to_day,0,,0,1,1,1,1,1,,,,,,,0,0,1,1,0,1,,1,0,,0,1
2026,2,5,19,5/5/2026 06:26,12555602592,0,,MEU,,Complex,Night,IB,WP,,,,,5/6/2026 00:00,WP,5/6/2026 06:26,5/6/2026 04:26,,,,,,,,,0.04583,IB,Other,night_to_day,19,,,,0,0,0,0,,,,,0,,0,0,1,1,1,2,,,0,0,1,0
2026,2,5,19,5/5/2026 06:24,12555661822,0,Shipper [2] Execution,MEU,Reschedule No Coverage,Simple,Night,IB,RS,,,,,5/6/2026 00:00,RS,5/6/2026 06:24,5/6/2026 04:24,,5/6/2026 04:25,5/6/2026 06:25,5/5/2026 06:25,2026,2,5,19,,IB,,night_to_day,0,,0,1,1,1,1,1,,,,,,,0,0,1,1,0,1,,1,0,,0,1
2026,2,5,19,5/5/2026 06:23,12554516712,0,Shipper [2] Execution,MEU,Reschedule No Coverage,Simple,Night,IB,RS,,,,,5/6/2026 00:00,RS,5/6/2026 06:23,5/6/2026 04:23,,5/6/2026 04:23,5/6/2026 06:23,5/5/2026 06:23,2026,2,5,19,,IB,,night_to_day,0,,0,1,1,1,1,1,,,,,,,0,0,1,1,0,1,,1,0,,0,1
2026,2,5,19,5/5/2026 06:23,12555749122,0,Shipper [2] Execution,MEU,Reschedule No Coverage,Simple,Night,IB,RS,,,,,5/6/2026 00:00,RS,5/6/2026 06:23,5/6/2026 04:23,,5/6/2026 04:24,5/6/2026 06:24,5/5/2026 06:24,2026,2,5,19,,IB,,night_to_day,0,,0,1,1,1,1,1,,,,,,,0,0,1,1,0,1,,1,0,,0,1
2026,2,5,19,5/5/2026 06:22,12555810982,0,Shipper [2] Execution,MEU,Reschedule No Coverage,Simple,Night,IB,RS,,,,,5/6/2026 00:00,RS,5/6/2026 06:22,5/6/2026 04:22,,5/6/2026 04:22,5/6/2026 06:22,5/5/2026 06:22,2026,2,5,19,,IB,,night_to_day,0,,0,1,1,1,1,1,,,,,,,0,0,1,1,0,1,,1,0,,0,1
2026,2,5,19,5/5/2026 06:20,12555671632,0,Shipper [2] Execution,MEU,Reschedule No Coverage,Simple,Night,IB,RS,,,,,5/6/2026 00:00,RS,5/6/2026 06:20,5/6/2026 04:20,,5/6/2026 04:21,5/6/2026 06:21,5/5/2026 06:21,2026,2,5,19,,IB,,night_to_day,0,,0,1,1,1,1,1,,,,,,,0,0,1,1,0,1,,1,0,,0,1
2026,2,5,19,5/5/2026 06:20,12555797772,0,,UK,,Complex,Night,IB,PM,,,,,5/6/2026 00:00,PM,5/6/2026 06:20,5/6/2026 05:20,,,,,,,,,0.00277,IB,,night_to_day,12,,,,0,0,0,0,,,,,0,,0,0,1,1,1,1,,,0,0,1,0
2026,2,5,19,5/5/2026 06:19,12555752312,0,Shipper [2] Execution,MEU,Reschedule No Coverage,Simple,Night,IB,RS,,,,,5/6/2026 00:00,RS,5/6/2026 06:19,5/6/2026 04:19,,5/6/2026 04:19,5/6/2026 06:19,5/5/2026 06:19,2026,2,5,19,,IB,,night_to_day,0,,0,1,1,1,1,1,,,,,,,0,0,1,1,0,1,,1,0,,0,1
2026,2,5,19,5/5/2026 06:18,12554585082,0,Shipper [2] Execution,MEU,Reschedule No Coverage,Simple,Night,IB,RS,,,,,5/6/2026 00:00,RS,5/6/2026 06:18,5/6/2026 04:18,,5/6/2026 04:18,5/6/2026 06:18,5/5/2026 06:18,2026,2,5,19,,IB,,night_to_day,0,,0,1,1,1,1,1,,,,,,,0,0,1,1,0,1,,1,0,,0,1
2026,2,5,19,5/5/2026 06:17,12555915842,0,,UK,,Complex,Night,IB,WP,,1,,,,WP,5/6/2026 06:17,5/6/2026 05:17,,,,,,,,,0,IB,,night_to_day,,,,,0,0,0,0,,,,,0,,0,0,,,1,0,,,1,0,1,0
2026,2,5,19,5/5/2026 06:16,12555811112,0,Shipper [2] Execution,MEU,Reschedule No Coverage,Simple,Night,IB,RS,,,,,5/6/2026 00:00,RS,5/6/2026 06:16,5/6/2026 04:16,,5/6/2026 04:16,5/6/2026 06:16,5/5/2026 06:16,2026,2,5,19,,IB,,night_to_day,0,,0,1,1,1,1,1,,,,,,,0,0,1,1,0,1,,1,0,,0,1
2026,2,5,19,5/5/2026 06:13,12555846572,0,Shipper [2] Execution,MEU,Reschedule No Coverage,Simple,Night,IB,RS,,,,,5/6/2026 00:00,RS,5/6/2026 06:13,5/6/2026 04:13,,5/6/2026 04:14,5/6/2026 06:14,5/5/2026 06:14,2026,2,5,19,,IB,,night_to_day,0,,0,1,1,1,1,1,,,,,,,0,0,1,1,0,1,,1,0,,0,1
2026,2,5,19,5/5/2026 06:11,12554464532,0,Shipper [2] Execution,MEU,Reschedule No Coverage,Simple,Night,IB,RS,,,,,5/6/2026 00:00,RS,5/6/2026 06:11,5/6/2026 04:11,,5/6/2026 04:11,5/6/2026 06:11,5/5/2026 06:11,2026,2,5,19,0,IB,,night_to_day,0,,0,1,1,1,1,1,,,,,,,0,0,1,1,0,1,,1,0,,0,1
2026,2,5,19,5/5/2026 06:10,12555730662,0,Shipper [2] Execution,MEU,Reschedule No Coverage,Simple,Night,IB,RS,,,,,5/6/2026 00:00,RS,5/6/2026 06:10,5/6/2026 04:10,,5/6/2026 04:11,5/6/2026 06:11,5/5/2026 06:11,2026,2,5,19,,IB,,night_to_day,0,,0,1,1,1,1,1,,,,,,,0,0,1,1,0,1,,1,0,,0,1
2026,2,5,19,5/5/2026 06:09,12555639002,0,Carrier [2] Execution,MEU,Duplicate or Invalid Case,Simple,Night,IB,RS,,,,,5/6/2026 00:00,RS,5/6/2026 06:09,5/6/2026 04:09,,5/6/2026 04:47,5/6/2026 06:47,5/5/2026 06:47,2026,2,5,19,0.02013,IB,Other,night_to_day,31,,0,1,1,1,1,1,,,,,,,0,0,1,1,2,1,,1,0,,0,1
2026,2,5,19,5/5/2026 06:09,12555650462,0,Shipper [2] Execution,MEU,Reschedule No Coverage,Simple,Night,IB,RS,,,,,5/6/2026 00:00,RS,5/6/2026 06:09,5/6/2026 04:09,,5/6/2026 04:09,5/6/2026 06:09,5/5/2026 06:09,2026,2,5,19,,IB,,night_to_day,0,,0,1,1,1,1,1,,,,,,,0,0,1,1,0,1,,1,0,,0,1
2026,2,5,19,5/5/2026 06:00,12555747772,0,,UK,,Complex,Night,IB,WP,,,,,5/6/2026 00:00,WP,5/6/2026 06:00,5/6/2026 05:00,,,,,,,,,0,IB,,night_to_day,7,,,,0,0,0,0,,,,,0,,0,0,1,1,0,1,,,0,0,1,0
2026,2,5,19,5/5/2026 05:41,12555506562,0,Shipper [2] Execution,MEU,Reschedule No Coverage,Simple,Night,IB,RS,,,,,5/6/2026 00:00,RS,5/6/2026 05:41,5/6/2026 03:41,,5/6/2026 03:42,5/6/2026 05:42,5/5/2026 05:42,2026,2,5,19,,IB,,,0,,0,1,1,1,1,1,,,,,,,0,0,1,1,0,1,,1,0,,0,1
2026,2,5,19,5/5/2026 05:40,12555491932,0,Shipper [2] Execution,MEU,Reschedule No Coverage,Simple,Night,IB,RS,,,,,5/6/2026 00:00,RS,5/6/2026 05:40,5/6/2026 03:40,,5/6/2026 03:40,5/6/2026 05:40,5/5/2026 05:40,2026,2,5,19,,IB,,,0,,0,1,1,1,1,1,,,,,,,0,0,1,1,0,1,,1,0,,0,1
2026,2,5,19,5/5/2026 05:38,12554593352,0,,UK,,Complex,Night,IB,WP,,,,,5/6/2026 00:00,WP,5/6/2026 05:38,5/6/2026 04:38,,,,,,,,,0,IB,,,9,,,,0,0,0,0,,,,,0,,0,0,1,1,1,1,,,0,0,1,0
2026,2,5,19,5/5/2026 05:38,12555626612,0,Shipper [2] Execution,MEU,Reschedule No Coverage,Simple,Night,IB,RS,,,,,5/6/2026 00:00,RS,5/6/2026 05:38,5/6/2026 03:38,,5/6/2026 03:38,5/6/2026 05:38,5/5/2026 05:38,2026,2,5,19,,IB,,,0,,0,1,1,1,1,1,,,,,,,0,0,1,1,0,1,,1,0,,0,1
2026,2,5,19,5/5/2026 05:36,12555733452,0,Shipper [2] Execution,MEU,Reschedule No Coverage,Simple,Night,IB,RS,,,,,5/6/2026 00:00,RS,5/6/2026 05:36,5/6/2026 03:36,,5/6/2026 03:36,5/6/2026 05:36,5/5/2026 05:36,2026,2,5,19,,IB,,,0,,0,1,1,1,1,1,,,,,,,0,0,1,1,0,1,,1,0,,0,1
2026,2,5,19,5/5/2026 05:36,12555738232,0,Shipper [2] Execution,MEU,Reschedule No Coverage,Simple,Night,IB,RS,,,,,5/6/2026 00:00,RS,5/6/2026 05:36,5/6/2026 03:36,,5/6/2026 03:37,5/6/2026 05:37,5/5/2026 05:37,2026,2,5,19,,IB,,,0,,0,1,1,1,1,1,,,,,,,0,0,1,1,0,1,,1,0,,0,1
2026,2,5,19,5/5/2026 05:35,12555500812,0,Shipper [2] Execution,MEU,Reschedule No Coverage,Simple,Night,IB,RS,,,,,5/6/2026 00:00,RS,5/6/2026 05:35,5/6/2026 03:35,,5/6/2026 03:35,5/6/2026 05:35,5/5/2026 05:35,2026,2,5,19,,IB,,,0,,0,1,1,1,1,1,,,,,,,0,0,1,1,0,1,,1,0,,0,1
2026,2,5,19,5/5/2026 05:34,12554512052,0,Shipper [2] Execution,MEU,Reschedule No Coverage,Simple,Night,IB,RS,,,,,5/6/2026 00:00,RS,5/6/2026 05:34,5/6/2026 03:34,,5/6/2026 03:34,5/6/2026 05:34,5/5/2026 05:34,2026,2,5,19,,IB,,,0,,0,1,1,1,1,1,,,,,,,0,0,1,1,0,1,,1,0,,0,1
2026,2,5,19,5/5/2026 05:33,12555558662,0,Shipper [2] Execution,MEU,Reschedule No Coverage,Simple,Night,IB,RS,,,,,5/6/2026 00:00,RS,5/6/2026 05:33,5/6/2026 03:33,,5/6/2026 03:33,5/6/2026 05:33,5/5/2026 05:33,2026,2,5,19,,IB,,,0,,0,1,1,1,1,1,,,,,,,0,0,1,1,0,1,,1,0,,0,1
2026,2,5,19,5/5/2026 05:29,12554440972,0,Shipper [2] Execution,MEU,Reschedule No Coverage,Simple,Night,IB,WP,,,,,5/6/2026 00:00,WP,5/6/2026 05:29,5/6/2026 03:29,5/6/2026 05:36,,,,,,,,0.00486,IB,,,0,,,,0,0,0,0,,,,,0,,1,0,1,1,1,3,,,0,0,0,1
2026,2,5,19,5/5/2026 05:29,12554575822,0,Shipper [2] Execution,UK,Reschedule No Coverage,Simple,Night,IB,RS,,,,,5/6/2026 00:00,RS,5/6/2026 05:29,5/6/2026 04:29,,5/6/2026 04:30,5/6/2026 05:30,5/5/2026 05:30,2026,2,5,19,0.00069,IB,,,0,,0,1,1,1,1,1,,,,,,,0,0,1,1,0,1,,1,0,,0,1
2026,2,5,19,5/5/2026 05:19,12554533892,0,Shipper [2] Execution,UK,Reschedule No Coverage,Simple,Night,IB,RS,,,,,5/6/2026 00:00,RS,5/6/2026 05:19,5/6/2026 04:19,,5/6/2026 04:19,5/6/2026 05:19,5/5/2026 05:19,2026,2,5,19,0,IB,,,0,,0,1,1,1,1,1,,,,,,,0,0,1,1,0,2,,0,0,,0,1
2026,2,5,19,5/5/2026 05:08,12555729862,0,Shipper [2] Execution,UK,Reschedule No Coverage,Simple,Night,IB,RS,,,,,5/6/2026 00:00,RS,5/6/2026 05:08,5/6/2026 04:08,,5/6/2026 04:08,5/6/2026 05:08,5/5/2026 05:08,2026,2,5,19,,IB,,,0,,0,1,1,1,1,1,,,,,,,0,0,1,1,0,1,,1,0,,0,1
2026,2,5,19,5/5/2026 04:56,12555546602,0,Carrier [2] Execution,UK,Delay to Collection,Complex,Night,IB,RS,,,,,5/6/2026 00:00,RS,5/6/2026 04:56,5/6/2026 03:56,,5/6/2026 04:22,5/6/2026 05:22,5/5/2026 05:22,2026,2,5,19,0.01458,IB,Other,,18,,1,1,1,1,1,1,,,,,,,0,0,1,1,1,1,,1,0,,1,0
2026,2,5,19,5/5/2026 04:47,12555640192,0,Carrier [2] Execution,UK,Truck or Trailer Damaged,Complex,Night,IB,RS,,,,,5/6/2026 00:00,RS,5/6/2026 04:47,5/6/2026 03:47,,5/6/2026 04:15,5/6/2026 05:15,5/5/2026 05:15,2026,2,5,19,0.01666,IB,,,5,,1,1,1,1,1,1,,,,,,,0,0,1,1,2,1,,1,0,,1,0
2026,2,5,19,5/5/2026 04:14,12555507122,1,Carrier [2] Execution,UK,VRID or Tour Cancellation,Complex,Night,IB,RS,,,,,5/6/2026 00:00,RS,5/6/2026 04:14,5/6/2026 03:14,5/6/2026 05:00,5/6/2026 05:02,5/6/2026 06:02,5/5/2026 06:02,2026,2,5,19,0.009,IB,,,92,,2,1,1,1,1,1,,,,,,,1,0,0,0,2,3,,0,0,,1,0
2026,2,5,19,5/5/2026 02:08,12555195262,0,Carrier [2] Execution,UK,Unloading Dock Congestion,Complex,Night,IB,RS,,,,,5/6/2026 00:00,RS,5/6/2026 02:08,5/6/2026 01:08,,5/6/2026 03:03,5/6/2026 04:03,5/5/2026 04:03,2026,2,5,19,0.07847,IB,,,3,,2,1,1,1,1,1,,,,,,,0,0,1,1,1,2,,0,0,,1,0
2026,2,5,19,5/5/2026 00:14,12553838532,0,,MEU,,Complex,Night,IB,WP,5/5/2026 00:00,,,,5/5/2026 00:00,WP,5/6/2026 00:14,5/5/2026 22:14,,,,,,,,,0,IB,,,4,,,,0,0,0,0,,,,,0,,0,0,1,,1,1,2,,0,0,1,0
